long,lat,state_code,mun_code
-102.445649261,21.9321175043,1,5
-102.2290213837,22.0330705095,1,11
-102.2958029009,21.8114362313,1,1
-102.5258387194,22.1466346066,1,8
-102.3407287275,22.2674077478,1,7
-102.1921305862,22.236973791,1,9
-102.2970416588,22.360626738,1,4
-102.0456380704,22.1265081643,1,2
-102.7049039392,21.9006944874,1,3
-102.035398522,21.9215194323,1,10
-102.3016772257,22.1045423628,1,6
-99.8715302597,19.9729416923,15,1
-99.8333466089,20.1156764724,15,3
-99.8667955351,18.8329588655,15,4
-99.8294544906,19.4055782931,15,5
-99.4918729885,19.1587797947,15,6
-99.9883931998,19.2509314816,15,7
-100.2668015231,18.7029925187,15,8
-99.4999751585,19.1755455585,15,12
-99.8460083815,19.8099570135,15,14
-99.6432671607,19.1655295936,15,18
-99.4605509019,19.2098260566,15,19
-99.79825694,18.9463281216,15,21
-99.5509391081,19.8257553509,15,26
-99.5504536806,19.2065058378,15,27
-100.1848435536,19.3164419828,15,32
-99.4403760816,19.5542432815,15,38
-99.690841095,18.8506965527,15,40
-100.277849909,19.2574263842,15,41
-99.8069236031,19.5896900034,15,42
-99.3592706348,19.1652452239,15,43
-99.5965692939,20.0191028819,15,45
-99.3904369675,19.5060472083,15,46
-99.6416035231,19.5860372332,15,47
-99.8234878717,19.7172360619,15,48
-99.5144815237,19.0675669704,15,49
-99.4748569783,19.3450805558,15,51
-99.4856424501,18.8819180409,15,52
-99.5882600979,19.247389234,15,54
-99.5840223991,19.2112474702,15,55
-99.6417698962,19.7434380281,15,56
-99.3917497541,19.6249730162,15,60
-99.4062825457,19.2595152139,15,62
-99.3964162926,19.0092340963,15,63
-100.075490532,19.7988157981,15,64
-100.3189471704,19.1080300583,15,66
-99.5272885792,19.4506388218,15,67
-99.8316784,20.2240779089,15,71
-99.5670743335,19.1388778167,15,72
-99.5512837046,19.1688771376,15,73
-99.9825233502,19.6532170386,15,74
-99.5396274339,19.2656717201,15,76
-100.0368717286,18.9800548195,15,77
-100.2998129129,19.1796879512,15,78
-99.513874377,20.0518053462,15,79
-99.989203379,18.7346210155,15,80
-100.2130913362,18.8737972444,15,82
-100.0370048603,19.9212574284,15,85
-99.9965947852,19.0813623447,15,86
-99.6024682373,19.4849557962,15,87
-99.5692202609,18.9670198544,15,88
-99.6292609565,19.0816644072,15,90
-99.306193681,19.7252131257,15,95
-99.9392985474,18.9395643119,15,97
-99.5064291038,19.1296440001,15,98
-99.4321637853,19.1623001919,15,101
-99.7180415896,19.8963457823,15,102
-100.2570831713,18.544482635,15,105
-99.6664313916,19.2970934399,15,106
-99.6375594304,18.7809036906,15,107
-100.1219502612,19.1777677501,15,110
-100.1375637221,19.3872429606,15,111
-99.4784326292,19.7210614156,15,112
-99.6877294913,18.9742990948,15,113
-99.9921342548,19.4427502537,15,114
-99.4675987319,19.436951057,15,115
-100.2561102996,19.0608296262,15,116
-99.8128110457,18.715820178,15,117
-99.7977907863,19.215321301,15,118
-99.5540893454,18.8001173937,15,119
-100.4064826547,18.9408184287,15,123
-100.1453305067,19.6195971651,15,124
-116.8907398006,32.2529419374,2,5
-116.8199700244,32.4040719522,2,4
-114.9585203506,30.0361552515,2,1
-115.1640962402,31.739019681,2,2
-116.268975178,32.4408886836,2,3
-111.448485705,25.9531674094,3,9
-113.2307309982,27.2860839474,3,2
-111.820072463,25.4913463258,3,1
-110.6633116613,24.1904743346,3,3
-109.7532777578,23.2766125155,3,8
-91.4832283959,18.5240419873,4,3
-91.9738726987,18.2735998362,4,7
-90.2180314389,20.3843892635,4,1
-90.1354179752,20.124441654,4,5
-90.2676439518,19.6170144017,4,2
-90.7165644021,18.0990385059,4,11
-89.6615735129,18.402829116,4,10
-90.4743500995,18.5505982567,4,9
-90.2330173564,19.9696386269,4,8
-89.6096439681,19.4740717372,4,6
-90.4993174596,19.1342119545,4,4
-101.1251086937,25.0291475926,5,30
-101.386925243,26.5862387259,5,6
-101.2820652685,25.9137475964,5,27
-101.0214819888,27.4214224051,5,26
-100.6933784294,27.6565462961,5,15
-100.0505030358,27.8393212298,5,13
-100.7992504007,26.8524527707,5,5
-100.642369722,25.3413576971,5,4
-103.2489193358,25.1700752052,5,35
-101.395011447,28.8119741739,5,38
-100.7803082235,28.0973926952,5,37
-102.9249683054,25.2218689565,5,36
-103.6101086489,27.4817676712,5,34
-102.717997218,26.0840422456,5,33
-101.3897588608,28.0639562138,5,32
-101.9688791734,27.8401293483,5,31
-101.7564940869,26.9398325679,5,29
-101.143000649,27.9228716569,5,28
-100.6144697155,28.7798202973,5,25
-102.1146680299,25.5038717172,5,24
-102.8928889149,27.9656186997,5,23
-100.620488652,28.4964386644,5,22
-101.7654255811,27.2277313572,5,21
-101.9004662992,28.4030179625,5,20
-101.0833511479,28.3277473905,5,19
-101.1943939514,26.896856784,5,18
-103.2150636933,25.5598248521,5,17
-101.9137193452,27.1505472311,5,16
-100.9512640636,29.0027022871,5,14
-100.3937925471,28.0974067303,5,12
-101.5510399497,25.5216906158,5,11
-101.5282728833,26.9476978821,5,10
-103.1808574068,26.3201457622,5,9
-101.279589478,27.3060652357,5,8
-102.2989826714,26.6991038661,5,7
-100.9160028305,28.2783482778,5,3
-102.0100266497,29.4326023203,5,2
-101.2457823728,27.1223946838,5,1
-103.9984204339,19.0092461965,6,1
-103.63266776,19.1160960938,6,2
-103.769994146,19.3934434485,6,3
-103.9207528195,19.1881291749,6,4
-103.5954986359,19.3268437629,6,5
-103.681345292,18.9676147954,6,6
-104.3026815376,19.149500641,6,7
-104.0310569955,19.3720865163,6,8
-103.869553,18.902023,6,9
-103.8444266471,19.3096016596,6,10
-92.9706341667,16.5980760105,7,27
-93.137293826,16.7394474781,7,101
-91.8994002296,16.0244431249,7,99
-92.1986782412,14.894106147,7,102
-92.2015997353,14.8216636426,7,55
-91.2485949074,16.1991939327,7,115
-91.3374987332,16.7020938654,7,59
-92.3047967896,14.9339680361,7,89
-91.795794766,16.2047022371,7,41
-92.7740248302,15.2314144722,7,3
-92.5581684343,15.3644324659,7,32
-91.7510745202,17.606636196,7,50
-93.6905281119,15.9969906264,7,97
-93.533201847,17.1982563316,7,92
-93.1123144461,17.2201135501,7,90
-93.2515875945,17.4888564105,7,88
-93.2096782717,16.9131331892,7,79
-93.22938058,17.8642233083,7,74
-93.3996611302,17.4323630072,7,62
-93.1738762653,17.2207973957,7,60
-93.1933353557,17.6994472078,7,48
-93.0990228286,17.4213978064,7,43
-93.2761867579,17.294073619,7,33
-93.1315375885,17.3267974344,7,25
-93.2528604549,17.0941744093,7,21
-93.9373605254,16.2488838981,7,9
-92.9786291964,17.2985324774,7,42
-92.5468542981,15.0969858683,7,40
-92.6949269722,17.2431672737,7,39
-92.3996338718,16.6942774246,7,38
-92.4237732755,15.0094039915,7,37
-92.2131990197,14.7500092745,7,35
-92.0877668379,15.7626514229,7,34
-92.0351418758,17.1096912139,7,31
-92.3912898612,15.799032255,7,30
-93.1115199703,16.9953330494,7,29
-92.7259440725,16.5539728252,7,28
-92.5704351538,16.9501571712,7,26
-92.216970438,16.6115332154,7,24
-92.6801690862,16.8193658229,7,23
-92.6118017477,17.0212705424,7,22
-92.1789740522,16.2968835858,7,19
-93.1260784247,17.1205748962,7,18
-91.9976037521,17.7798712782,7,16
-92.164134463,15.0862410698,7,15
-92.7412923737,17.0317482224,7,14
-92.9587902172,17.014122762,7,13
-92.1612926735,15.4917552487,7,10
-92.6804480106,15.7581479656,7,8
-92.3954271343,16.5152895541,7,7
-92.0971633898,15.5568350611,7,6
-92.8573383012,17.3855938937,7,5
-91.8625729811,16.6618845042,7,4
-92.8409025414,16.5377529197,7,2
-92.6816853605,15.4141398369,7,1
-92.7215487216,16.9493639704,7,119
-92.8030898461,17.154014451,7,118
-92.6643904254,15.6716776513,7,117
-90.7434229323,16.2463501418,7,116
-90.5625088018,16.2818360073,7,114
-92.6901760591,16.9218309233,7,113
-92.3916678603,16.9301599473,7,112
-92.7819809767,16.7219158888,7,111
-92.7237813056,16.6224702708,7,110
-92.3258488492,17.1855592424,7,109
-93.3751881597,16.3461436505,7,108
-93.1976067657,16.1121521363,7,107
-92.607896762,16.3173126043,7,106
-92.1025499369,15.0599527185,7,105
-92.2464399602,16.1240831444,7,104
-92.4115643869,15.1404413569,7,103
-92.2696253141,17.3007897835,7,100
-92.6599632903,16.5151553336,7,98
-92.5088122518,16.5611029333,7,94
-92.4720058036,16.8331884737,7,93
-92.9972769035,17.2509690642,7,91
-92.2271211694,14.6393835326,7,87
-93.1363322479,16.5855455679,7,86
-93.004790641,17.3869923385,7,84
-92.3482895299,17.0372659797,7,82
-92.6250150535,17.1389229088,7,81
-92.4562229579,15.5473200284,7,80
-92.1871414874,17.437619003,7,77
-92.61076221,17.3198256978,7,76
-92.3647268344,16.3653075647,7,75
-92.9965755177,17.1922204738,7,73
-92.8812099156,17.2178285469,7,72
-92.6195664671,15.1654224864,7,71
-92.2639255645,15.4325464223,7,70
-93.1924013157,15.6695561316,7,69
-93.1991407926,17.530576527,7,68
-93.056900178,17.189185985,7,67
-92.464065405,17.0601034789,7,66
-91.8126555561,17.4440755903,7,65
-92.2747865341,16.7809979814,7,64
-93.0838036344,16.8952332981,7,63
-92.6100504462,16.438200422,7,58
-92.3314642,15.3138259023,7,57
-92.5631008929,16.8748101254,7,56
-92.4975527385,14.8806048273,7,54
-92.1857637859,15.3727662941,7,53
-91.7402829333,16.3856026283,7,52
-92.8916347549,15.4610121237,7,51
-92.7766774628,16.924383689,7,49
-92.8744159786,17.089618439,7,47
-92.9755913116,17.4668727473,7,45
-92.8969951476,16.8179507172,7,44
-92.4858282061,17.3791892894,7,96
-92.9886745674,16.9259689429,7,85
-93.6720761786,16.5227356217,7,46
-92.218401218,15.5129967135,7,36
-92.242416876,15.6195845995,7,11
-93.4922547996,16.8279024598,7,61
-93.8674714442,16.7129625186,7,17
-92.3759457808,16.1064275879,7,83
-92.7712429828,15.960894925,7,20
-93.3190748017,16.8666066536,7,12
-92.5899460617,16.6782971057,7,78
-107.2916427966,28.857996676,8,6
-106.5641134224,31.4496652658,8,37
-108.2022934177,30.1939194279,8,13
-107.7290614569,30.5328491034,8,50
-105.925883618,31.2381629065,8,53
-107.519855165,31.3319744824,8,5
-107.737315609,29.3365632333,8,25
-108.5163659904,27.4559563529,8,20
-107.644640421,30.1607489103,8,23
-105.6405096938,30.8272701146,8,28
-108.2740564842,27.3909514162,8,30
-108.4502244619,30.8493526728,8,35
-108.3293237343,29.3269333074,8,40
-107.9732952227,27.8363033147,8,41
-107.7206325141,28.824100549,8,43
-108.2048040144,28.1536304296,8,51
-108.0848277521,28.7147746262,8,63
-107.9764115922,27.2263010017,8,65
-108.5065560219,27.8616404514,8,66
-107.0339368078,26.1679803138,8,29
-107.728130823,26.5715348342,8,46
-108.7372541492,28.1527470838,8,47
-105.5885689656,29.0732862299,8,2
-105.74782467,28.2050490119,8,55
-105.4918591035,28.1194915611,8,21
-105.5014635528,28.3506235875,8,45
-106.3806920532,30.4492368986,8,1
-106.948693692,28.7234697658,8,17
-106.6170454462,28.8062950423,8,54
-105.6970366846,27.1290434118,8,32
-105.3054927691,27.0949484314,8,3
-104.4236563185,28.0336976702,8,11
-104.3907024586,27.0821086422,8,36
-105.0545047407,28.5410107407,8,38
-104.5252959253,29.3642199036,8,52
-105.3430296492,28.0010893717,8,62
-103.8246345277,28.928897838,8,42
-106.5429422627,26.7530624402,8,7
-107.6932964852,26.9454501152,8,8
-107.5801170699,27.8078399049,8,9
-107.1214006216,30.0581387732,8,10
-107.0632505539,27.8101458053,8,12
-105.0699624921,26.633939488,8,14
-105.207783496,29.7570387737,8,15
-105.044864455,27.8976530341,8,16
-106.8969303623,28.2116341886,8,18
-106.4611468615,27.9999719646,8,22
-106.349551108,28.3212010379,8,24
-106.5694224539,28.2987850461,8,26
-107.2477648527,27.150441738,8,27
-107.5580534588,28.3850976746,8,31
-106.067937748,27.0693183013,8,33
-107.7235406892,29.7220933604,8,34
-105.0109758781,26.9262213549,8,39
-105.5229179265,26.725057388,8,44
-107.1403844908,29.2952600869,8,48
-106.6842544083,27.4245846659,8,49
-106.3146864087,27.2688985612,8,56
-106.7351865286,27.8924988283,8,57
-105.3622557842,27.5821276596,8,58
-105.9462383054,26.8852517135,8,59
-105.7829218511,26.8039227126,8,60
-106.1930861261,27.7786176485,8,61
-106.2974379169,27.0451019621,8,64
-105.8083276689,27.4870544401,8,67
-106.2325258712,29.000552233,8,19
-105.8235382575,28.582224181,8,4
-99.1821069422,19.4853286143,9,2
-99.1158642083,19.5040652069,9,5
-99.204566915,19.4280623644,9,16
-99.094329796,19.3969118978,9,6
-99.0931057952,19.4304954548,9,17
-99.0567989636,19.3491663205,9,7
-103.490631839,25.727977319,10,7
-106.7119942955,24.9467570843,10,34
-106.5897443083,25.256762653,10,37
-103.9510544808,23.7333399831,10,38
-105.0380311516,24.8466949319,10,39
-106.0616254467,25.4502441649,10,35
-104.1496309632,23.4368830418,10,33
-102.718036338,24.647526128,10,27
-103.4137784119,24.497760471,10,31
-104.9358862245,24.5111158335,10,1
-106.45110802,25.0727220174,10,2
-104.7837417076,25.0339756726,10,3
-103.7002874215,24.694805577,10,4
-104.8437012404,23.970482545,10,5
-104.0732779227,24.4126744395,10,8
-104.8170837076,26.0903383844,10,10
-104.9955371147,25.7262263037,10,11
-104.1313284987,26.1459985079,10,13
-104.5506881212,23.0021138972,10,14
-104.0776858627,25.2470983289,10,15
-104.2111147379,23.8138602491,10,16
-105.215850622,25.5490241451,10,18
-105.936428677,24.7014490016,10,19
-104.3540417875,24.4948575525,10,20
-104.0823245091,24.7859870551,10,21
-104.0219476713,24.0035551717,10,22
-105.3142655721,23.4114424055,10,23
-104.5616236883,25.1953036774,10,24
-105.6724474132,26.1841149352,10,25
-105.7422845804,24.2284869277,10,26
-104.4704011509,24.8073533728,10,28
-104.3064858848,25.3761024536,10,29
-104.3982450672,25.6218990324,10,30
-105.6904218767,24.9841569674,10,32
-103.2120785771,24.7615131601,10,6
-103.685834405,25.4776452982,10,12
-105.6766932023,26.4818729414,10,17
-106.0672242634,25.996315729,10,9
-103.6254837708,26.344963933,10,36
-100.7911226761,20.7412725169,11,9
-100.7878649686,20.5375655993,11,7
-101.9285630603,20.9275156671,11,25
-101.2336988765,21.5032001277,11,30
-99.978521304,21.3567596823,11,45
-100.3596342065,21.1416036043,11,13
-100.0719018184,21.1506777577,11,34
-100.1560062366,21.0322911926,11,40
-101.1526159734,20.1196923862,11,41
-100.2146100353,21.3659572645,11,43
-99.8044442884,21.2651993766,11,6
-100.9151309832,20.2075615129,11,28
-100.3885917149,21.0023217846,11,32
-101.3612587585,20.5499274915,11,24
-100.9903643687,20.1582333651,11,36
-100.573520071,20.4218413651,11,4
-100.6217357575,20.575511868,11,5
-101.2255261332,20.1831510121,11,46
-100.5078824086,20.1971083311,11,19
-100.7414966361,20.2967359294,11,39
-100.3835978501,20.2170007675,11,10
-100.528905689,20.0044795834,11,38
-100.9383702657,20.4291136346,11,11
-100.7519671503,20.0524668855,11,2
-100.7377273854,20.9252506005,11,3
-101.7885196454,20.9191240821,11,31
-101.8797839842,20.712947334,11,8
-101.668009586,20.6152262315,11,12
-101.2705609284,20.3783282269,11,42
-100.4762495528,21.3993683934,11,33
-101.8158452365,20.4016179681,11,23
-101.4377836289,20.9631153501,11,37
-101.5360119656,20.533230959,11,1
-101.4990039533,20.3673654488,11,16
-100.8464137267,21.4421658923,11,29
-100.9925124002,20.5419618991,11,44
-100.9940838801,20.674104396,11,35
-101.1650961039,20.6251101223,11,27
-101.3683207623,20.6998134978,11,17
-101.5951285415,20.8257897006,11,26
-101.237328919,21.0184543104,11,15
-101.622402619,21.1247492486,11,20
-101.0520887243,20.3587970889,11,18
-101.4729969569,21.5795704997,11,22
-101.2446892694,20.0843156175,11,21
-100.9347772814,21.1470168626,11,14
-99.9808974145,18.0912311275,12,6
-99.7136637404,18.1322958084,12,17
-99.8147013354,18.1247639936,12,26
-99.112359562,17.5236912535,12,28
-99.6974473903,17.390833527,12,29
-100.1041749083,18.441126058,12,31
-100.0269355116,17.7338011918,12,32
-99.2534217647,18.229773735,12,34
-99.472925065,17.1421331125,12,39
-99.7957938724,17.6319355235,12,40
-99.3575715541,17.8324991823,12,42
-99.370597906,17.336841383,12,44
-99.1852169224,17.3128228516,12,51
-99.409039067,16.8086945093,12,53
-99.2948866548,16.980454653,12,56
-99.9140747817,18.358261585,12,58
-99.469393686,18.1009988037,12,59
-99.367467553,17.5993500901,12,61
-99.1851085401,17.7495844034,12,74
-99.6097748427,17.8014917112,12,75
-99.5821198366,18.2268075871,12,35
-100.0589687678,17.142548636,12,21
-98.5105691825,17.6422353172,12,5
-99.0699586538,18.1443753475,12,8
-98.5826860045,17.2702390573,12,9
-98.903045068,17.5143374465,12,10
-99.0675363568,16.9572711405,12,12
-98.5724042304,16.6836010965,12,13
-98.9306042235,16.6080340648,12,18
-99.0520424804,17.9821429763,12,19
-98.7019002307,17.4326219699,12,20
-98.6712624958,17.7382913781,12,24
-98.9637129692,16.7185387092,12,25
-99.1342199282,16.6929316617,12,30
-98.5470915769,17.812163295,12,33
-98.4932844896,16.8017382772,12,36
-98.7046101472,17.1460590595,12,41
-98.7838934253,17.8965606029,12,45
-98.3528162398,16.6615645118,12,46
-98.7510768982,16.8763577233,12,52
-98.7861512951,17.2300142791,12,63
-98.6155447472,17.5621738113,12,66
-98.541488774,17.4298094323,12,69
-98.5092979227,17.9045102272,12,70
-98.157268838,16.8694269179,12,71
-98.8295230774,17.3245458858,12,72
-98.9760334974,17.1748164278,12,76
-98.7450198116,16.6391791916,12,77
-98.9959400603,17.4426344931,12,79
-98.6776351815,16.5939788073,12,80
-98.6378770887,17.0471031421,12,81
-98.5176703744,16.4619684888,12,23
-98.2771272166,16.9390612329,12,62
-98.4091950681,17.571652,12,65
-98.3661073087,17.3758990725,12,4
-98.4397450889,17.1340261928,12,43
-98.4238703757,17.100574432,12,78
-98.9513727391,17.7522733314,12,2
-101.1603313609,17.6200960408,12,48
-100.6077338836,17.9190154256,12,3
-100.1987863806,18.2526189697,12,7
-100.3420678138,17.3328222377,12,11
-100.4271172783,17.0965417719,12,14
-101.6494419173,18.2830262151,12,16
-100.6179164346,18.6598160504,12,27
-100.3182452147,17.8398101636,12,54
-100.7443641819,17.4059441311,12,57
-100.4350264337,18.4280221341,12,64
-100.4533307043,18.2802852277,12,67
-100.9299063791,18.0817943934,12,22
-101.2182267364,18.3449268151,12,73
-101.8549510888,18.0166592066,12,68
-99.7655919311,18.4634498363,12,37
-99.869219178,18.5446642223,12,47
-99.6078300412,18.7042323344,12,49
-99.6717606304,18.6488415302,12,60
-99.5974402298,18.5200407841,12,55
-99.4207333646,18.461569857,12,15
-100.6114724945,18.3456244287,12,50
-101.4341800428,17.8200981565,12,38
-99.7142958047,16.9572093444,12,1
-98.3429225754,20.2578140732,13,35
-98.3270746832,19.7416222635,13,7
-98.447001101,19.7229046295,13,8
-98.4403480372,20.2064235703,13,1
-98.1984039346,20.1598494686,13,2
-98.8896914354,20.3145467781,13,3
-98.3693756435,20.3615665846,13,4
-99.4054038085,20.4070935805,13,6
-98.3635527637,21.0273101224,13,11
-98.6764879822,20.3548398728,13,12
-98.5484908286,20.9060558871,13,14
-99.0601956148,20.5991686704,13,15
-98.2816682428,19.9843084356,13,16
-98.9496714523,21.1284376949,13,18
-98.6434835619,20.0315865719,13,22
-98.5431256216,20.2259070511,13,24
-98.2471439659,21.0382562427,13,25
-98.4891349094,20.997495544,13,26
-98.064086791,20.5141586345,13,27
-98.4517161618,21.1272350959,13,28
-99.2013232415,20.5325150745,13,30
-99.1472186058,20.96995759,13,31
-98.5275724743,21.1484788394,13,32
-98.8357477889,20.8315812795,13,33
-98.7233095645,20.9621542062,13,34
-98.6052853336,20.5237932891,13,36
-98.7535602129,20.223041825,13,38
-98.658831913,20.1403554155,13,39
-99.0705119765,21.0709629492,13,40
-98.7764159848,20.8643884399,13,42
-99.1754126857,20.786473467,13,43
-98.6219647251,20.173745536,13,45
-98.5816751642,21.2603339842,13,46
-99.3154127215,20.9997631601,13,47
-98.9888330307,21.2344881529,13,49
-98.7197036496,20.0589905073,13,51
-98.1910524318,20.4685162121,13,53
-98.9828533546,20.4123706171,13,55
-98.3927766465,20.035651033,13,56
-98.4954608693,19.9876032112,13,57
-99.3758308847,20.5423397265,13,58
-98.2108328833,20.3433581421,13,60
-98.8329432505,21.0614303076,13,62
-98.5441853731,20.7787853864,13,68
-98.9723892853,20.8665929615,13,71
-98.6481825307,21.0318349062,13,73
-98.2880896344,20.8578571147,13,78
-98.6395788608,20.7949040102,13,79
-98.3835171431,20.9162498696,13,80
-98.5867260493,20.6507473845,13,81
-99.3657267189,20.7528788401,13,84
-98.5869320163,19.8351992086,13,72
-98.6002724566,19.6592969205,13,21
-99.6324318761,20.5392632673,13,59
-98.8803346855,20.7414085352,13,20
-98.8096529196,20.5654465567,13,37
-99.6807343372,20.3838171173,13,29
-98.4947852863,19.8155397302,13,61
-98.6723340936,19.923130397,13,83
-98.9611841538,19.8525266583,13,69
-98.9233520231,19.9549558744,13,75
-98.9400355945,20.0955747693,13,52
-98.8033644711,19.9128224712,13,66
-99.1807262238,20.2238534189,13,41
-99.2932809882,20.1788695873,13,67
-99.2190688838,20.1315537166,13,70
-99.2309914856,20.0962042071,13,74
-99.6726840369,20.2329885081,13,44
-99.4716475331,20.2636858137,13,17
-99.3635011095,19.9026668128,13,63
-99.3767424994,20.0641292289,13,76
-99.2213749181,20.0547456369,13,10
-99.2313764155,19.9734454769,13,13
-99.3987044318,20.1942203668,13,64
-98.8825755344,20.2171461461,13,9
-99.2551310525,20.3243194594,13,19
-99.0802848922,20.2352792505,13,23
-98.7822305203,20.1020840132,13,48
-99.17815488,20.3143329265,13,50
-99.0478610624,20.3047487024,13,54
-98.8553021677,19.9926055075,13,82
-99.1518264293,20.114406997,13,65
-99.0780282475,20.119826452,13,5
-98.3509396853,20.1236012115,13,77
-102.9091587687,20.7700526997,14,1
-103.6088456757,20.4284935126,14,2
-103.9353619029,20.7114664995,14,3
-103.6225835262,19.9999464571,14,4
-103.717251911,20.8499898248,14,5
-104.080543271,20.5416638951,14,6
-104.0067784209,20.8091029303,14,7
-102.3006183655,20.7664374207,14,8
-103.67901414,20.7549725623,14,9
-103.7316537064,20.1729524163,14,10
-104.2739249325,20.3180755092,14,11
-104.5506741201,20.3367341102,14,12
-102.5396146355,20.5475660809,14,13
-103.4704690633,19.9964392105,14,14
-104.3121564128,19.7434664389,14,15
-102.3429277668,20.4888210057,14,16
-104.4348226854,20.0502573511,14,17
-102.523299697,20.3638271415,14,18
-103.9204758936,21.8746537108,14,19
-105.4065664781,20.3424032622,14,20
-104.470161145,19.6029486875,14,21
-104.6149475223,19.2773771448,14,22
-103.5103369155,19.7107736656,14,23
-103.8244592495,20.3903531792,14,24
-103.2872010628,22.0917096072,14,25
-103.2364280115,19.9824152179,14,26
-104.3110529588,19.4356316934,14,27
-104.5098564967,20.1929964346,14,28
-103.0287168067,20.9524022884,14,29
-103.1879112323,20.2598603254,14,30
-103.6599475039,21.7299194404,14,31
-103.8801849454,20.0822839747,14,32
-102.1677902433,20.4478917692,14,33
-104.0816220791,19.9124150709,14,34
-102.1914798301,21.555705217,14,35
-104.1237680262,20.7436068623,14,36
-104.1951248116,19.8010557359,14,37
-104.4215643383,20.6789061173,14,38
-103.3358072035,20.6759710455,14,39
-104.0754075457,21.0574643275,14,40
-103.2339852347,22.3185502719,14,41
-103.9162128367,22.5837001454,14,42
-104.8631137431,19.5147337279,14,43
-103.207376437,20.3916421963,14,44
-103.2278117325,20.8985609177,14,45
-102.489339735,21.1916662248,14,46
-102.6856745256,20.2801308068,14,47
-102.1198652148,20.6354677442,14,48
-102.8810925128,19.329518901,14,49
-103.4171812928,20.3145114185,14,50
-103.1352113361,20.481719707,14,51
-104.0366571248,20.054242354,14,52
-101.8796565718,21.4940126592,14,53
-104.100318437,19.8407933829,14,54
-104.0307697636,20.9082522081,14,55
-102.838656218,19.5291947461,14,56
-103.1078371511,20.0215114514,14,57
-104.8140600342,20.578945885,14,58
-103.0725340116,19.8942391367,14,59
-102.7535341003,21.2638532473,14,60
-103.9944275054,22.2224411609,14,61
-104.4529179768,20.5089127507,14,62
-102.7240506184,20.3974414675,14,63
-101.7151165857,21.8108302079,14,64
-103.3818618746,19.1465502562,14,65
-102.8947190728,20.2702153836,14,66
-105.149143367,20.6978617841,14,67
-104.7228426477,19.8071902233,14,68
-102.8682413957,19.8045381404,14,69
-103.2454572516,20.5390252567,14,70
-103.5001483758,21.0478790535,14,71
-102.023458017,20.9701218859,14,72
-102.2943526272,21.2696960279,14,73
-102.1634754695,20.9976613439,14,74
-104.2320496022,20.8246888792,14,75
-103.7850121838,21.5958929585,14,76
-103.9051365282,20.4499206357,14,77
-102.3796421887,20.9925944738,14,78
-103.4171853483,19.856456662,14,79
-104.8261233235,20.8524530102,14,80
-103.1812810486,22.1933068911,14,81
-103.5946439228,19.8617620309,14,82
-103.6821935744,20.6074202749,14,83
-104.9534805663,20.2994440559,14,84
-103.1792875857,19.6874746976,14,85
-103.7654713982,19.9482386495,14,86
-103.1925310148,19.2252977963,14,87
-104.0241829112,20.2592237509,14,88
-103.5752623632,20.0924321853,14,89
-104.1655293848,20.1468881649,14,90
-102.5544777411,21.4803576248,14,91
-103.3471463683,20.1087123212,14,92
-102.7208428764,20.8148422753,14,93
-103.78096192,21.1124607171,14,94
-103.8323881925,20.6792584526,14,95
-103.0710725506,20.1196220233,14,96
-103.4173673387,20.4786960131,14,97
-103.347828531,20.5913987341,14,98
-103.9305673789,19.5528898361,14,99
-105.1647452978,19.9795246357,14,100
-103.214344699,20.6200530997,14,101
-103.9501799272,19.8478986833,14,102
-103.5350893787,19.4321015161,14,103
-103.4785742141,21.9589105332,14,104
-102.7487185023,20.5487280654,14,105
-104.0331604319,19.6812218814,14,106
-103.242036242,20.1468980125,14,107
-103.4572643696,19.4790298159,14,108
-101.997183232,21.1546780202,14,109
-104.2557182335,19.9928692913,14,110
-102.6509561247,21.0465151558,14,111
-102.9726176881,19.8351739143,14,112
-103.7389065089,19.7099113793,14,113
-103.7088568854,20.3896458698,14,114
-103.6866621678,22.0287809212,14,115
-102.5935931937,21.6677158746,14,116
-102.7012285453,21.1598226078,14,117
-102.9336607758,21.1379364648,14,118
-103.5680598126,20.235517781,14,119
-103.494183841,20.7948951576,14,120
-103.3457807571,19.6216054611,14,121
-103.7583371524,19.5155728103,14,122
-102.9249739856,20.4608637448,14,123
-103.0488367296,20.6360475717,14,124
-102.506404666,20.7646074819,14,125
-98.9198660799,19.633776013,15,2
-98.7164909772,19.1249499962,15,9
-99.1478989253,19.9845089244,15,10
-98.9615707815,19.5456485808,15,11
-99.2740439898,19.5648072838,15,13
-98.7170646728,19.0311080868,15,15
-98.7212962773,19.7630572015,15,16
-98.8163558634,19.1242909342,15,17
-99.1023955112,19.626289978,15,20
-98.858894925,19.2260295706,15,22
-99.2222053424,19.7899844908,15,23
-99.1594239926,19.7082385935,15,24
-98.8316955824,19.2536014482,15,25
-98.8833843437,19.5730362406,15,28
-98.8776223031,19.4062854581,15,29
-98.8966957957,19.5562787944,15,30
-98.9471672287,19.4162342907,15,31
-99.0432117365,19.572783734,15,33
-98.7366496037,18.9680219602,15,34
-99.255028143,19.82263268,15,35
-99.0280077524,19.952412347,15,36
-99.3395276024,19.3831008238,15,37
-98.7790681686,19.3427968856,15,39
-99.0889302328,19.7387167413,15,44
-98.9040824368,19.093593934,15,50
-99.1335471047,19.7096501347,15,53
-99.2926053937,19.4712531459,15,57
-99.0226995155,19.4225786554,15,58
-99.0745240475,19.7299400508,15,59
-98.7170891216,19.8123143341,15,61
-98.738392592,19.6560195044,15,65
-98.8096234487,19.0218876582,15,68
-98.8578595791,19.5598819026,15,69
-98.9467513811,19.3610403512,15,70
-98.8321948805,19.7197710815,15,75
-98.986507845,19.7058365098,15,81
-98.8837773006,19.1889326682,15,83
-98.881068721,19.8191207408,15,84
-98.8701506083,19.1516371515,15,89
-99.1681847916,19.7622073991,15,91
-98.8706620009,19.6863188241,15,92
-98.7654721257,19.5693824825,15,93
-98.8412838963,19.0099403448,15,94
-99.1495851151,19.9046487824,15,96
-98.8277921914,19.4716241502,15,99
-98.9310083615,19.596865283,15,100
-98.7319696778,19.2089023276,15,103
-99.1701463551,19.5427453257,15,104
-99.119648373,19.679305121,15,108
-99.0718205558,19.8091067879,15,120
-99.2252103932,19.6545491236,15,121
-98.9483605242,19.2763893619,15,122
-99.0583621308,19.6818301173,15,125
-99.14528842,19.6262095238,15,109
-102.2640703847,20.0329817741,16,108
-102.2486829385,19.8725990544,16,85
-102.3751129814,18.0885395654,16,52
-103.2358367137,18.3742378783,16,8
-102.2706818037,18.3640699572,16,10
-102.5100320582,18.5502550049,16,96
-100.7628778229,18.5672589386,16,77
-103.6153802064,18.7428092663,16,14
-101.1050638573,18.653870908,16,38
-101.6162318827,18.6892440001,16,29
-103.4089378704,18.7638963741,16,26
-103.0859668325,18.6796529978,16,15
-102.7610871623,18.7777420708,16,2
-101.9211608571,18.8419591583,16,35
-102.123804935,18.9710985723,16,55
-101.4221164581,18.9320760274,16,97
-101.0363142703,18.9688277584,16,13
-102.8583290677,19.0682345175,16,89
-102.4233221978,18.938173106,16,6
-102.2122910003,19.0620596032,16,64
-101.2159329071,19.093488412,16,57
-101.8636818375,19.1591156103,16,59
-102.0071373316,19.1588170109,16,33
-101.7066721334,19.1563123007,16,9
-100.4068673578,19.1912037816,16,81
-100.7953750755,19.0571823246,16,92
-100.4601793144,19.2928217036,16,46
-101.8951056073,19.3293095673,16,87
-102.5838682127,19.2038756851,16,12
-101.4520159214,19.254835378,16,82
-100.6179473715,19.2218017913,16,99
-101.6880827931,19.3812138573,16,79
-101.9090443072,19.4285265354,16,111
-102.195728358,19.408236594,16,58
-102.3470143126,19.3311438528,16,83
-100.5186891573,19.4333371451,16,47
-101.1702181888,19.3424682746,16,49
-101.3400023335,19.465830813,16,1
-100.3379488564,19.4382253071,16,112
-101.4570615943,19.5215421138,16,39
-101.5990153945,19.4944965624,16,66
-102.4526097903,19.4952891119,16,68
-101.8506528496,19.513887912,16,90
-102.1056450575,19.4436370883,16,102
-101.4111949382,19.5779988962,16,48
-100.3327655199,19.5771792601,16,61
-100.4878777855,19.5683318652,16,98
-101.5495268283,19.6099502499,16,100
-100.9140119604,19.4316204819,16,101
-100.2985270694,19.6292291357,16,5
-100.3954263173,19.6619818216,16,7
-101.7252137924,19.6197880139,16,32
-102.0710519865,19.6541265545,16,65
-101.8795511851,19.645176815,16,56
-101.5386655494,19.6951754672,16,73
-100.4679996431,19.7168001314,16,41
-101.0133079037,19.6689140934,16,22
-101.989738882,19.7346188422,16,24
-102.3953395747,19.6528404209,16,75
-102.2279705107,19.6924183914,16,21
-100.3423317152,19.7461768263,16,80
-100.8467716036,19.7264769857,16,72
-102.5936981964,19.6463973594,16,95
-101.2791185254,19.6665813099,16,53
-100.2065825974,19.7798867598,16,93
-100.6778972099,19.612603391,16,34
-100.9421580608,19.7660220566,16,40
-101.1575318362,19.8164395145,16,88
-102.5004183213,19.786732886,16,91
-102.6999617237,19.7590840835,16,19
-102.1011675736,19.8133526283,16,25
-101.6272501324,19.7952938754,16,16
-100.7692859896,19.8707144688,16,110
-101.4964781267,19.8919507038,16,37
-101.0217578757,19.8735368866,16,3
-101.3621913269,19.896950304,16,27
-101.2214031105,19.916279622,16,18
-101.7043921494,19.9268311333,16,44
-101.9920137365,19.9107188616,16,70
-101.8278667913,19.8241373155,16,107
-102.4536454471,19.8902468562,16,84
-102.3160019472,19.9349414437,16,43
-100.4289524017,19.8894386092,16,50
-101.2777667825,19.9961303541,16,36
-101.442995587,19.9898311343,16,54
-101.111823794,19.9805926361,16,20
-101.0388857408,20.0392511884,16,78
-100.2075883179,19.9593078177,16,17
-102.7534090799,19.9774978022,16,45
-102.0608772608,20.0059186148,16,94
-102.5864010464,19.9937616387,16,104
-102.9678338727,20.0448234194,16,51
-102.7662973417,20.0551405196,16,76
-101.781651347,20.0017448367,16,63
-102.4467064521,20.0440263741,16,23
-102.8792273554,20.1119487016,16,74
-101.8956066642,20.103838112,16,67
-101.7277624318,20.1389061196,16,4
-102.4057192325,20.1513624667,16,42
-102.0780297011,20.12889306,16,28
-102.6662001549,20.1430619183,16,103
-102.5257373167,20.1451574278,16,62
-100.2893416322,20.1473421768,16,31
-102.0115465176,20.1824842184,16,109
-102.2434174944,20.1555578667,16,30
-101.5280324196,20.1157102617,16,71
-102.5897953279,20.2375431892,16,11
-101.9597533582,20.2506763243,16,60
-102.4698262008,20.2662219434,16,105
-101.566932373,20.2569172564,16,113
-102.3417834513,20.2592450177,16,86
-102.219513918,20.2992677944,16,106
-102.0723113215,20.3055829084,16,69
-99.3866849692,18.5900004917,17,1
-98.8945048628,18.9350452438,17,2
-98.7521140119,18.5252389632,17,3
-98.9779845331,18.7172440929,17,4
-99.445777063,18.7318300772,17,5
-98.9569666672,18.8311197949,17,6
-99.2630276493,18.9388781206,17,7
-99.1808977807,18.8137261836,17,8
-99.2366267121,19.0575927584,17,9
-98.7647112253,18.685405415,17,10
-99.1664509677,18.8851584294,17,11
-99.2212703602,18.5867644644,17,12
-98.809414211,18.6637571758,17,13
-99.3654165986,18.6859154191,17,14
-99.3551781935,18.8029572143,17,15
-98.7809608508,18.8815720604,17,16
-99.2856748058,18.5777934268,17,17
-99.272242841,18.8425310622,17,18
-98.8942524489,18.574775276,17,19
-99.1051886034,18.9812958437,17,20
-99.4123940547,18.692735643,17,21
-98.7082035309,18.9055341876,17,22
-98.9902398611,19.0387056561,17,23
-99.1082460511,18.7049525118,17,24
-99.0747287223,18.4991318561,17,25
-98.9750330053,18.9540275391,17,26
-98.9180321007,19.0004355167,17,27
-99.2352761362,18.7618978235,17,28
-99.0509000865,18.8699633743,17,29
-98.8580143765,18.8525048082,17,30
-99.2068047134,18.6546799501,17,31
-98.7537981742,18.8068762118,17,32
-98.7904940354,18.7592414154,17,33
-105.2589573061,22.464837726,18,1
-104.5763435266,21.0411124544,18,2
-104.4014509013,20.8484712623,18,3
-105.2442175789,22.7885389949,18,5
-104.306955924,21.0334281774,18,6
-104.3993207648,21.1840734259,18,7
-104.9617614307,21.3908620809,18,8
-104.6571087329,22.1290706653,18,9
-104.9625618416,21.9911049115,18,11
-104.7487972264,21.1610745304,18,13
-104.5903330339,21.3564851662,18,14
-105.5194529166,22.3370182489,18,16
-104.8404864653,21.6215899867,18,17
-105.3744233493,21.9615584919,18,18
-104.1508924738,21.5428155625,18,19
-105.2710950411,20.8463549504,18,20
-105.0567476107,21.1313712209,18,4
-105.3222528257,21.854029128,18,15
-105.4870734575,21.5680406516,18,12
-105.2145406478,22.1177086763,18,10
-99.7030827781,26.2987120647,19,2
-99.4459671891,26.2126484494,19,23
-99.2734801505,26.0915060589,19,3
-99.0308734114,25.9640910843,19,15
-98.8484180631,25.8033147917,19,20
-99.6015540523,26.5830424492,19,40
-98.9724091747,25.4801587737,19,13
-99.4130166042,25.2758739693,19,22
-99.529219525,24.8517705907,19,33
-99.8847627105,26.6481060108,19,50
-100.0253546028,27.3421539647,19,5
-100.41821593,27.0508414095,19,32
-100.56179249,26.5717111056,19,8
-100.7862767371,26.2855835676,19,37
-100.4838633725,25.5746103083,19,48
-100.2373228696,25.3848971588,19,49
-100.3480695112,26.4697046131,19,51
-100.4531901162,25.9994022598,19,47
-100.270691443,25.7360564327,19,46
-100.2703827798,26.1610714009,19,45
-100.1492882501,26.5751023114,19,44
-100.1277325992,25.0658234425,19,43
-99.5876669943,25.653310041,19,42
-99.9771347403,25.7367686606,19,41
-99.808380543,25.1263054214,19,38
-100.160407967,23.4179165565,19,36
-99.4934834646,26.0489152121,19,35
-99.9646183467,25.8745179995,19,34
-100.1214798537,25.6140901424,19,31
-99.8487156399,24.6384176882,19,30
-99.6780960592,24.8837908655,19,29
-99.9975080139,26.0331681169,19,28
-99.4142398304,25.9160790124,19,27
-100.2057778121,25.6726512413,19,26
-100.1348197194,25.9113921902,19,25
-99.7401735171,23.9010290434,19,24
-100.3555677714,25.8219686501,19,21
-100.3747576982,25.6445974827,19,19
-100.3922872291,24.7605089754,19,17
-99.8049799578,25.8492520068,19,16
-100.3062664856,23.8601083825,19,14
-100.1854355178,25.9774584564,19,12
-99.7053644848,26.0723193326,19,11
-100.3568319287,25.9007450886,19,10
-99.914185459,25.5245905417,19,9
-99.8865089275,24.2251177019,19,7
-100.1873310462,25.7922757582,19,6
-100.0295183418,25.3014341167,19,4
-100.4059424127,25.9405434087,19,1
-100.6597769222,25.8090105605,19,18
-100.3110151156,25.6448319446,19,39
-96.7693061044,16.5713064016,20,542
-96.1749495099,17.3514380412,20,128
-96.1370020808,17.373845997,20,156
-97.3143580877,17.4170104104,20,140
-97.3405160104,17.4017980397,20,518
-97.9743249901,17.9195042054,20,455
-97.9721779732,17.9544198032,20,165
-96.2646461837,17.1808617014,20,138
-96.26205749,17.1634439761,20,303
-96.2019497061,16.093357986,20,148
-96.1349825745,17.0217421346,20,337
-96.0221588656,17.0372641351,20,31
-97.0392390466,18.0443369834,20,206
-97.1169681678,16.2092868093,20,202
-98.2902500326,17.7643490566,20,199
-97.3896523632,17.2777824658,20,195
-97.9106704008,16.4951516454,20,188
-98.270718454,17.8654062655,20,186
-98.1634219746,16.641719803,20,185
-97.6432783786,18.0000077704,20,181
-98.3437930779,16.5148741473,20,180
-96.969022115,17.7411678735,20,177
-97.2624117499,17.7206100917,20,176
-97.5005516316,17.3500084059,20,172
-98.2563233316,16.3778398809,20,168
-96.9290324491,18.1537981619,20,163
-97.8688717474,17.8067279322,20,160
-97.365958336,16.5032731178,20,158
-97.045259759,16.0506245155,20,153
-98.2633284721,17.4763673814,20,152
-97.5435316917,17.890413142,20,151
-97.2750769693,17.3464928554,20,144
-96.9361841589,18.1952360938,20,142
-97.3676773767,16.8580839814,20,137
-97.6919823991,17.0769345446,20,133
-97.383618776,17.7254210853,20,129
-97.5810820484,17.2823781544,20,127
-97.3141557863,17.5844238197,20,121
-97.4525821846,17.2239811792,20,119
-98.0478292766,16.5406989124,20,111
-96.7999782117,18.1445849512,20,41
-96.7839292081,18.072662086,20,40
-96.1601835636,17.1811668907,20,38
-95.0395359428,16.4671715995,20,30
-96.7487422339,17.9924701103,20,27
-96.8539209983,17.8676902853,20,19
-96.6358122721,16.5140520925,20,15
-95.0893348456,16.6233881739,20,14
-96.1668011042,17.7146408483,20,9
-95.7661970449,16.2261196906,20,8
-95.92691037,17.0338302156,20,3
-96.5395653558,18.4521529129,20,2
-96.6338380274,17.4901507495,20,1
-97.5343522285,17.0618494408,20,371
-97.5514184274,17.3346910036,20,370
-97.8391315912,16.3397105443,20,367
-97.2961908533,16.1773398908,20,364
-96.8884721998,18.2247454712,20,354
-97.9981422133,17.8353640769,20,352
-98.0936360804,17.3452355985,20,348
-97.6743860318,17.5199566203,20,346
-98.1495431999,16.525934029,20,345
-97.4808518753,17.5772261538,20,341
-97.7062943644,18.0884858183,20,340
-97.5064119811,17.5078744555,20,339
-97.3574355052,17.4552457706,20,332
-97.3913041643,17.3373488187,20,331
-97.2748037911,16.9957058006,20,329
-96.9112867771,18.1833643436,20,322
-97.5768633739,17.8105012446,20,321
-97.5518362035,17.1039164171,20,320
-97.6438098956,17.4500895118,20,317
-97.0714968224,17.759253318,20,313
-98.0421026025,16.4695014283,20,312
-97.0265786504,17.6867629395,20,311
-97.1098270784,17.5211707389,20,304
-97.9694631237,16.5188077691,20,302
-98.0836704781,16.677489227,20,300
-97.4712851207,17.0075436761,20,297
-98.1326162186,17.7762961426,20,290
-97.4460098352,17.7536861745,20,287
-98.0107002345,17.4422577107,20,286
-98.108274526,16.440461694,20,285
-97.3148804566,17.8241879695,20,283
-97.291051643,17.3788640075,20,281
-97.2163582455,16.9810575601,20,274
-97.400494584,16.2386562534,20,272
-97.1461809955,17.7544392698,20,270
-97.6158716754,17.0785511313,20,269
-97.1982210477,17.6268054491,20,264
-98.0194413188,17.8867212464,20,261
-98.3321283859,17.6828903191,20,259
-97.4735243183,17.3066148772,20,258
-97.4295140187,17.8050516525,20,256
-97.3711076357,17.0039521764,20,255
-97.4947830051,17.1449923627,20,252
-98.4213892326,17.6468940029,20,251
-97.2629099191,17.4225883804,20,250
-96.8689531994,18.1411849259,20,249
-98.0709531201,17.8165469774,20,245
-97.0309038316,18.1073969598,20,244
-98.2450338128,17.3616927415,20,242
-97.8557803843,17.217358513,20,240
-97.6089562567,17.3962957369,20,239
-96.915891666,18.1123440868,20,234
-97.1864667148,16.5268691906,20,229
-96.9172767939,18.2163485065,20,228
-97.8778590299,16.4112312226,20,225
-97.2689828579,17.5234302315,20,224
-97.4157578329,17.5872583575,20,221
-97.4300197016,17.077413901,20,218
-97.3548335858,16.3420850549,20,213
-97.7548899196,17.4261411291,20,210
-97.8558818911,17.3376952881,20,208
-97.5736586266,17.1531588439,20,110
-97.1645118718,18.146151209,20,109
-97.4955969331,17.7428888569,20,106
-97.7439689182,17.5184818839,20,105
-97.9037979912,17.7375063903,20,237
-98.0187746672,17.1941667658,20,469
-97.785183954,16.2021423833,20,467
-97.6983247829,16.5381837204,20,466
-97.4483036445,17.8810931388,20,464
-97.0469748113,17.4862558568,20,463
-97.6891108565,17.8034536575,20,462
-98.1013844886,17.4308393407,20,461
-97.7193872356,18.1998555854,20,459
-97.7344468039,17.7311018635,20,456
-97.1361928635,17.649687154,20,451
-97.5208446892,16.6315582228,20,450
-97.3591034921,16.6427648289,20,448
-97.9737424199,16.7787189772,20,447
-97.8032789519,17.035115932,20,446
-97.500001095,17.1074408625,20,445
-97.4603090369,16.8822141631,20,444
-97.0504942014,17.7223694864,20,436
-96.9715894604,18.1742035114,20,434
-97.1810250494,16.1647791426,20,433
-97.0989572858,17.9535615179,20,431
-97.3952637389,17.1375200702,20,430
-97.0299248068,16.5609342342,20,429
-97.501362506,17.4077127961,20,423
-97.3324129972,17.6462867125,20,422
-97.1584151779,17.8504162134,20,416
-97.9983222634,16.6148839086,20,415
-97.9263710022,16.2087643506,20,414
-97.6051208617,17.3436859957,20,408
-97.6380131976,17.593836035,20,405
-97.2606489801,17.5657636512,20,404
-98.3127055524,16.428926717,20,402
-97.6499547428,17.8696190809,20,400
-97.6913923174,17.2313887019,20,397
-96.8172629325,18.1033529761,20,396
-97.0802058478,17.624709218,20,395
-97.7321455984,16.943194958,20,392
-97.4847813038,16.4693481307,20,386
-97.5679481652,17.3767029345,20,383
-97.4623575982,16.918131045,20,382
-98.1643764695,17.8214369185,20,381
-97.7183163762,17.1548957362,20,379
-97.6813595261,16.7282128854,20,377
-98.2153351264,17.5705509717,20,376
-96.883047203,18.1575017303,20,374
-97.5566326237,18.0207501924,20,373
-97.6726529331,17.0078237135,20,372
-96.7978190349,16.4423548309,20,563
-96.3347666596,17.7973108767,20,559
-96.0211266766,17.2450240161,20,554
-96.2940095975,17.3841413303,20,541
-96.5387927944,16.3602433234,20,538
-96.8335171871,16.3727736951,20,534
-96.5804399777,16.2418306823,20,533
-94.3323383447,16.4644965235,20,525
-96.2913458921,17.1252220496,20,522
-96.0777839091,16.9325513543,20,517
-96.070906662,17.3322217719,20,514
-95.2186666482,16.8540827323,20,513
-96.3144143782,16.1759739612,20,512
-96.634413466,15.8335467117,20,509
-95.173693731,16.6299794647,20,508
-96.2103564651,17.0712165472,20,506
-94.7315565953,16.57960531,20,505
-96.2515745503,17.2168591002,20,503
-95.8849302808,17.1942455815,20,502
-95.4906305446,17.4992685517,20,498
-96.2186098897,16.0045254182,20,495
-96.3259445629,17.2004194653,20,473
-95.2611417892,16.6231136079,20,472
-96.2506461442,17.4145260086,20,471
-95.9825935818,17.6557382408,20,468
-95.582068137,16.9277095214,20,465
-96.3946377875,17.6159243757,20,458
-96.1664577491,17.5274920146,20,457
-95.9216942929,17.0962641965,20,454
-96.2962948962,17.2710738405,20,442
-95.0263396309,16.3634630371,20,441
-95.6152658219,16.622925492,20,440
-96.6818362775,15.7728902184,20,439
-96.7371222417,17.9213734425,20,438
-96.0536762823,17.114284854,20,437
-95.989116807,16.9513067113,20,435
-96.1580988881,17.3789968015,20,432
-96.0519035566,16.3045482369,20,428
-96.7837796429,17.8072937323,20,425
-96.3492699188,16.0991212034,20,424
-95.2754684545,16.4246938798,20,421
-95.474234184,16.5158152501,20,418
-96.1315754892,17.8498522675,20,417
-95.3519481766,16.7366696712,20,412
-95.8650577634,16.233362817,20,410
-94.3885958508,16.9469170111,20,407
-96.7462024053,18.2930692671,20,406
-95.8465175301,17.079177571,20,394
-96.6206597832,16.1808222696,20,391
-96.6781398592,16.3373098227,20,384
-96.7187737038,16.0709558239,20,366
-96.648214022,16.2949160726,20,362
-96.2417456622,16.3296077295,20,361
-96.6221455566,17.3962218281,20,359
-95.8838055751,16.6042525491,20,357
-96.8011560652,17.9897760657,20,355
-96.7302849973,16.3342697944,20,353
-96.7452023287,17.9055710449,20,139
-95.1461761442,16.3578937556,20,124
-96.7265206312,16.4019028187,20,351
-96.8712537777,16.0885095773,20,344
-96.4794699798,17.6333862999,20,336
-96.380671979,17.4231278109,20,335
-96.2292131699,16.662841978,20,333
-96.6286716684,17.990277219,20,330
-96.6408999141,17.8195203117,20,326
-96.0344478235,16.7672676107,20,325
-96.4128656325,15.7892142855,20,324
-95.8407876359,16.9717733155,20,323
-96.2535916658,16.4421583652,20,316
-96.5514536443,18.1591430104,20,309
-95.1475224742,16.2428595053,20,308
-95.7823005815,15.974221369,20,307
-96.4716910172,16.0158199249,20,306
-96.217160932,17.125087656,20,299
-96.2948942877,16.9687981534,20,298
-96.5216190882,17.5217074495,20,296
-96.7900141857,16.1702620696,20,291
-96.7446559982,16.4309560878,20,289
-96.3534073518,17.3481137318,20,288
-95.5478223039,16.2319336819,20,282
-96.2318372482,17.3673932363,20,280
-96.4584273987,16.0801684226,20,279
-96.4390676566,18.2525150948,20,278
-96.7976814587,17.9198706421,20,276
-95.7802213901,16.975671492,20,275
-96.7366058244,16.5961905241,20,268
-96.0962257584,15.9451798996,20,266
-94.4098568163,16.6525304151,20,265
-96.6801404294,16.1666255141,20,263
-96.7042713635,17.433898606,20,260
-96.1507623817,17.2458912249,20,257
-96.3387851063,15.9717288389,20,253
-95.0456078479,16.2092979611,20,248
-96.1969672057,17.1529738096,20,246
-96.4039949424,16.0405776674,20,236
-96.4789307479,16.4532657544,20,235
-96.3625210344,18.0342359165,20,232
-95.6897704863,16.9378105793,20,231
-96.2384842813,16.89102189,20,226
-96.1821500412,17.4105133,20,223
-96.2799529416,17.4419876734,20,222
-96.762485393,17.7396643616,20,220
-96.2185091693,17.3186136468,20,216
-96.6262493977,17.6627260482,20,214
-96.0477264738,17.4899271588,20,212
-95.4207718032,17.1320283205,20,207
-95.9179085149,16.5114177843,20,204
-96.5457769779,16.5684308996,20,203
-96.3017272474,17.3240118481,20,201
-95.8910360701,16.8746597461,20,200
-96.5393227,17.4009072687,20,196
-96.1613486363,16.891776832,20,194
-95.4967753212,17.3183451035,20,190
-95.9565555801,17.3289901124,20,189
-96.7286653106,18.0583391789,20,187
-96.0925379527,18.028558888,20,184
-96.5924162816,17.8730080827,20,182
-96.8074794029,17.4391823993,20,179
-96.768565996,17.588904869,20,175
-96.4883686126,17.4641131229,20,173
-96.6680436931,18.1608453732,20,171
-96.3349668035,16.4015711714,20,170
-96.6424897186,18.2576294301,20,169
-96.1236506611,17.9146821917,20,166
-96.9696434298,16.2044479153,20,159
-96.3801277283,16.3734251019,20,146
-96.5070959402,17.8202906027,20,136
-96.535101145,18.0696454668,20,134
-96.3020645337,16.7809181794,20,131
-94.7404830816,16.3375659489,20,130
-96.3830078252,16.3073188533,20,126
-95.9622328937,16.4146832395,20,125
-95.9280320466,16.4255044804,20,122
-96.2432411418,17.2452803525,20,120
-96.754815922,15.9438459728,20,117
-96.67552201,18.0500786005,20,116
-96.2106099663,17.2204100732,20,114
-96.7961847732,16.036006025,20,113
-96.1323881039,17.2903123575,20,100
-96.599520043,17.9447594485,20,98
-96.2232991552,17.2767728947,20,97
-96.524953837,16.2116932261,20,95
-96.6208191965,15.9761764337,20,85
-96.8137969883,16.5137879463,20,80
-95.2195756694,16.193389415,20,79
-96.2702551727,16.3091814629,20,74
-94.5880695083,16.5198191064,20,66
-96.4262511657,17.3017336932,20,62
-96.6309763305,16.373159663,20,61
-96.1040507803,17.165387065,20,60
-95.2526710664,16.5108378786,20,53
-95.6553111309,16.347771599,20,52
-96.860628985,16.6010523395,20,101
-98.3864291945,17.6593652685,20,99
-97.5293378367,17.5894668904,20,93
-97.9175082226,16.3447832045,20,90
-97.6887414941,17.698530247,20,89
-97.7920804467,16.8474361167,20,88
-97.5157408647,17.1982694377,20,86
-97.8046768296,16.4497064798,20,82
-97.993413975,17.5891711981,20,81
-97.8633707813,16.6476486557,20,76
-97.9660698108,16.4036801645,20,70
-98.0143557787,17.5041599554,20,65
-96.9109481728,18.0293648564,20,58
-98.2368038685,16.5421234011,20,56
-98.1236540086,17.8275252764,20,55
-97.2249145278,17.3904391054,20,54
-97.5538841153,17.2404585514,20,50
-97.481789886,17.8066068833,20,47
-97.2420620141,17.2611561349,20,46
-98.0099236344,16.9223309963,20,37
-98.1642973288,17.7544498291,20,34
-98.1291685469,17.9298802126,20,32
-96.8692734497,18.1946471489,20,29
-97.5623279262,16.9868332887,20,26
-96.8573083075,17.9661299614,20,24
-97.8016737712,18.1380367531,20,22
-98.2171786248,17.216020786,20,16
-98.2538554501,17.5457342395,20,11
-97.65270861,17.9294956436,20,4
-97.8348883087,17.882511282,20,568
-98.3969614541,17.7761721423,20,567
-97.3821656708,16.7804789966,20,566
-97.2964401734,17.0773149869,20,564
-96.9882347325,17.7650459955,20,558
-97.5014691762,17.777176825,20,556
-97.4755414259,17.8720129963,20,552
-97.8584962117,17.5822390138,20,549
-97.5385058615,17.7486418704,20,547
-97.112214032,18.1073773772,20,545
-97.5349422659,16.3096522057,20,543
-97.5802302165,17.6902956589,20,540
-97.4355999425,17.4303467822,20,536
-97.7821682584,17.114422653,20,532
-98.0059056467,17.7724147536,20,529
-97.9502563847,17.4228333184,20,528
-96.8752636035,17.7936793028,20,527
-97.1883167751,16.0807466915,20,526
-97.7007253261,17.6344575926,20,524
-97.3482200927,17.5329678281,20,523
-97.353388341,17.607266182,20,521
-97.9859627844,17.6813474733,20,520
-97.2772267969,16.5757259643,20,516
-97.5239475258,16.9090855606,20,510
-98.3646225155,16.328966434,20,507
-98.2205988626,17.6143592188,20,501
-97.5311382395,16.8504762739,20,500
-97.5744359261,17.4698216193,20,499
-97.2378897053,16.2085637271,20,497
-97.3148757182,17.4677010686,20,493
-97.353431537,17.2102228011,20,492
-97.3091462021,16.7211339482,20,491
-96.9787481453,18.2151262108,20,490
-97.6774333707,16.3416914971,20,489
-97.397336964,17.7920754626,20,488
-97.4637556805,17.6662028913,20,486
-98.4659785144,16.3330933656,20,485
-98.2347039562,17.7340679361,20,484
-98.1213923741,16.2924002936,20,482
-97.7597901635,17.0064707984,20,481
-97.7012951998,17.3350667405,20,480
-97.3869517704,17.4283553201,20,479
-96.9120338784,17.5232910547,20,478
-97.2663466589,16.4395442948,20,477
-97.7195651928,17.9817380025,20,476
-98.2608235039,16.4853666192,20,474
-96.6618794139,18.5798717747,20,21
-97.4428034117,17.9903015328,20,18
-97.3010884884,18.0068834453,20,548
-98.0915757525,17.6891433725,20,164
-98.1238334261,17.6318992364,20,230
-97.3340294413,17.363329791,20,147
-97.3950144153,17.3785316702,20,562
-97.2917885292,17.4482982533,20,215
-97.2961082151,17.4846865371,20,96
-96.9058489135,16.5141606352,20,149
-97.1090707472,16.3191642052,20,314
-96.4233823338,16.2050815788,20,347
-96.2095782759,16.2187852133,20,319
-96.5252269568,16.1213111216,20,254
-96.3131781122,16.2466876556,20,209
-96.4932904563,16.2805825901,20,167
-96.4537433071,16.2893892716,20,154
-96.6460752438,16.3483842496,20,59
-96.6342975218,17.0292408042,20,409
-96.7313922966,16.5965816084,20,28
-96.8920838749,16.6774583919,20,398
-97.03577882,17.3905465343,20,161
-96.9281230634,17.3721115519,20,150
-96.8852348043,17.0928978746,20,135
-96.917181072,16.8444171811,20,123
-96.4991139083,17.3146793319,20,35
-96.8020790934,17.1771647681,20,33
-96.8014269022,17.0069610129,20,23
-96.8514573771,16.5797999637,20,17
-96.7663706646,16.8937842201,20,13
-97.0120751283,16.9285675798,20,273
-96.947864104,16.7575506136,20,271
-96.8541820376,16.6163788118,20,241
-97.1710226497,17.1164056099,20,217
-97.1429640378,16.9205928429,20,108
-97.0450384087,16.8340569678,20,104
-97.0334298448,17.048440864,20,426
-97.0409284566,16.737570956,20,420
-96.7665725848,16.9496833798,20,565
-96.4479950499,16.7086474599,20,561
-96.3801969616,17.0578933761,20,560
-96.7923614566,16.9295143115,20,555
-96.6706951127,17.3277565571,20,544
-96.826300706,17.1606677107,20,539
-96.5908933305,17.0720202502,20,519
-96.6465811445,17.2610745368,20,504
-96.3937978959,17.2723802868,20,496
-96.4227490776,16.8297809611,20,475
-96.3704050419,16.5590437359,20,449
-96.41135865,17.2011804631,20,443
-96.5417347589,17.3627377764,20,419
-96.6127777873,16.9928353652,20,411
-96.710202238,16.9706226276,20,403
-96.7864466021,17.0882029163,20,399
-96.6686622437,16.7246807374,20,393
-96.7589420203,16.8058209494,20,389
-96.8546325416,16.9217436113,20,388
-96.7931816364,16.7817181728,20,387
-96.7485952458,17.019021222,20,385
-96.5838304233,16.9525052982,20,380
-96.9053395338,16.7899971675,20,378
-96.6850938531,17.0485935807,20,375
-96.7320775225,16.8833501583,20,369
-96.6126887696,16.7914700834,20,368
-96.4984608823,17.1805099023,20,365
-96.5770856622,17.2137990487,20,363
-96.8615596653,16.7430839183,20,358
-96.465397673,17.0115159307,20,356
-96.6918184942,17.0241122146,20,107
-96.6334243323,16.9517726156,20,349
-96.6033160385,16.9846827555,20,343
-96.7547453074,16.9820029757,20,342
-96.5339676949,16.6439095579,20,328
-96.8269508793,17.0526972343,20,310
-96.8066048917,16.8180104313,20,295
-96.7337456546,17.163660758,20,293
-96.5643607509,16.7756345536,20,284
-96.5743872768,17.3274725144,20,267
-96.4564102898,17.2001532248,20,262
-96.4208820982,17.3180460863,20,247
-96.7260679714,16.6560543713,20,238
-96.4535023882,16.8792971146,20,233
-96.8035620422,17.1290440278,20,227
-96.5977399369,16.8945376489,20,219
-96.5415252252,16.9539069649,20,197
-96.5073395533,17.279222197,20,191
-96.7591545328,17.2379887286,20,178
-96.7162033645,16.9873187172,20,174
-96.5713929604,16.7040546673,20,162
-96.7574312502,17.0953683911,20,157
-96.5000621076,16.8967266861,20,118
-96.5073676601,16.7663341528,20,112
-96.7182606993,17.2012606755,20,84
-96.6855933348,16.9919713684,20,83
-96.6361508153,17.0024109586,20,78
-96.793885579,16.6235031523,20,69
-96.5574895309,16.8901665803,20,51
-96.7149729565,16.7085939342,20,49
-97.0631600408,17.2339607184,20,94
-96.8649155789,17.0587764047,20,92
-96.8293514936,17.1811795286,20,63
-96.9087522792,16.8963448264,20,48
-97.1413987661,17.274888948,20,569
-97.0382225754,16.6524248567,20,535
-96.9119339777,17.1468685982,20,531
-97.0667534412,17.173795606,20,511
-96.9712589466,17.027130751,20,494
-96.9985820911,17.2894203252,20,487
-96.9560354255,16.5919346122,20,155
-97.0581796058,16.5132112197,20,277
-96.8735961253,17.3097490208,20,294
-96.7931752876,17.1951556796,20,338
-96.779247202,17.3294446925,20,193
-96.8152358431,17.2471531484,20,45
-96.8190674817,17.2099418492,20,77
-96.9103919202,17.23131686,20,483
-96.6163856238,17.0941325293,20,553
-96.6672925097,17.127462289,20,91
-96.7241200725,17.1021053063,20,67
-96.5958152393,17.0263456558,20,145
-96.5487025053,17.0077180557,20,550
-96.517293694,17.055672091,20,546
-96.7257571522,16.7628901373,20,7
-96.6376904742,16.8665736512,20,530
-96.704252996,16.7483098151,20,315
-96.6919217627,16.8757469519,20,243
-96.6716549833,16.8282586335,20,192
-96.6641757074,16.7499074425,20,132
-96.703397616,16.761794012,20,68
-96.7340312613,16.7412650376,20,301
-96.6650690462,16.672081582,20,72
-96.6794603678,17.0806958267,20,87
-96.7273176552,16.7961921942,20,452
-96.7319296445,16.8364005555,20,360
-96.6925403357,16.8139371814,20,103
-97.0695776345,15.9496457149,20,318
-96.9221541561,15.8619893397,20,401
-96.5277697255,15.8977653389,20,12
-96.4278859982,15.9193743566,20,71
-94.8231201884,16.4873716001,20,557
-94.9310927521,16.3816031644,20,43
-94.5130762241,16.3526919658,20,143
-94.4704097217,16.2327186091,20,141
-94.4458094878,16.392525931,20,75
-94.2046452829,16.2738953555,20,25
-94.9564524348,16.6619794448,20,5
-95.166544584,16.4636224333,20,305
-95.0430365453,16.7882769093,20,10
-95.0719761196,16.8846203891,20,427
-96.9029759626,17.184201096,20,102
-96.2088040422,16.1068561124,20,211
-94.2152954704,16.2807992103,20,327
-95.6121441296,15.9775703427,20,453
-96.2232502841,15.7962445673,20,413
-97.5374761601,16.0776815301,20,334
-94.9909690571,17.1556036735,20,57
-95.5261177223,16.7736913087,20,470
-95.7913065398,17.493295796,20,205
-96.3393528584,17.4946365886,20,42
-98.3222233723,17.5907114827,20,183
-97.8936146781,16.9983135642,20,73
-97.7998494939,17.8551471923,20,39
-98.0104935829,17.0614608048,20,20
-97.167785382,17.4480189894,20,6
-98.1439227203,17.5607463209,20,537
-96.6911115277,17.0649752739,20,390
-96.6797073398,17.0453046409,20,350
-95.3915959546,16.221710439,20,515
-97.0346936183,16.7802451483,20,570
-96.3593467487,16.873583977,20,551
-95.9160746709,17.3764317781,20,460
-95.1121668505,17.0540694529,20,198
-96.6956150648,16.9411423222,20,115
-95.7941589319,16.6686922991,20,64
-95.8910437187,18.0008322138,20,44
-95.3893934052,16.8387688484,20,36
-96.8902306588,16.9820480484,20,292
-97.4868416305,18.1426868175,21,27
-97.6194712587,20.1015301279,21,72
-98.7304008908,18.3770510664,21,73
-97.5264810128,20.0786762988,21,88
-98.3143356041,18.0529033894,21,155
-97.5668514963,20.0333686419,21,216
-97.8165255807,19.2479413721,21,117
-97.2298041265,20.1091535228,21,2
-98.6790897829,18.7593893557,21,5
-97.8676829209,20.0269506557,21,6
-98.2828109226,18.57565596,21,7
-98.1336228585,20.0611635773,21,8
-98.1911173725,18.2312933221,21,9
-98.5471058285,18.0106942803,21,11
-97.5174230003,19.1025992242,21,12
-97.8006815661,20.0558143453,21,14
-97.9302425303,19.772287896,21,16
-97.4409057129,19.8116782925,21,17
-97.6900814049,18.3755726147,21,18
-98.5417163656,18.5470438975,21,21
-98.6077720897,18.8230804516,21,22
-97.3039893876,18.9337884001,21,23
-98.3935083529,18.1846833469,21,24
-97.4087809941,20.0839898615,21,25
-98.4762191308,19.106441526,21,26
-97.7529470142,20.0308279395,21,28
-97.6063012954,20.0734919438,21,29
-97.7310507271,20.0551526952,21,30
-98.1649228141,18.5711658664,21,31
-98.788531808,18.1904928527,21,32
-98.7182051586,18.7458189065,21,33
-96.9659423058,18.2823499153,21,36
-97.8129542378,18.401325059,21,37
-97.8263751703,18.9201868893,21,38
-97.792127466,19.9135702072,21,39
-98.0451032503,18.9616473601,21,40
-98.2560768063,19.1167177187,21,41
-98.1889892379,18.4456663352,21,42
-97.5005814785,20.0279834569,21,43
-97.5732592134,19.5966601451,21,44
-97.4297098423,18.9773420426,21,45
-97.4036398742,18.639640543,21,46
-97.9659829812,20.0887546414,21,49
-97.0700861681,19.2047240353,21,50
-98.0593488948,18.6487958079,21,52
-98.1347436716,19.8210218753,21,53
-97.4365572754,19.7355590085,21,54
-97.8792388291,17.9602474808,21,55
-98.4700098079,18.1395557865,21,56
-98.2388775448,20.2601597471,21,57
-97.2135638636,19.2582720509,21,58
-98.2795870759,18.232930939,21,59
-96.9267013775,18.5067809302,21,61
-98.3762625187,18.6155909696,21,62
-97.3646251974,18.8590320553,21,63
-98.1511473988,18.0483801179,21,66
-97.3801340748,19.3164155203,21,67
-97.731182414,20.1167642948,21,68
-98.5171740498,18.7692862489,21,69
-98.0678448424,18.6837874986,21,70
-98.0517353412,20.1662114144,21,71
-98.448779064,19.1671203515,21,74
-97.4011294946,19.9218300513,21,75
-97.3101678978,20.0306061329,21,76
-97.6841605908,20.0431522886,21,77
-97.7133002002,19.9437484465,21,78
-97.6273346432,20.0146869097,21,80
-98.7123187326,18.0344432187,21,81
-97.833494076,18.4816576959,21,82
-97.8582954541,19.6240459356,21,83
-97.6414445517,20.040640634,21,84
-97.8759472016,20.4561476308,21,86
-98.915662238,18.3071968805,21,87
-97.7779787781,20.2064002599,21,89
-97.9965859247,20.2236978168,21,91
-97.7398784676,18.5320908405,21,92
-97.2937222618,19.2811041269,21,93
-97.6761353289,19.4691544668,21,94
-98.1024894095,18.7418232647,21,95
-97.6920070824,19.1511231764,21,96
-97.8917063906,18.9077249254,21,97
-97.8698051644,18.6686150611,21,98
-97.4281256174,18.733157447,21,99
-98.1028609828,20.2452730403,21,100
-97.5889866216,19.9630735057,21,101
-97.3375374754,18.627518759,21,103
-97.8333011794,19.1906162127,21,104
-97.6738197017,19.5555191495,21,105
-97.6718181212,20.11242736,21,107
-97.5834365742,19.3264986064,21,108
-98.1373664511,20.2932705514,21,109
-97.9158797661,18.0691192265,21,112
-98.2707512593,18.113974808,21,113
-97.1133855846,19.253735538,21,116
-97.8239024036,18.9624351817,21,118
-98.2932434007,19.023616887,21,119
-97.273686905,18.4970091829,21,120
-98.3358627113,18.7674143521,21,121
-98.5259403229,19.2315184885,21,122
-97.7867601603,20.1115220395,21,123
-97.3839687987,18.3181302379,21,124
-98.3456193045,19.0104901931,21,125
-98.3937516921,19.0349214213,21,126
-97.9216866227,18.1984989577,21,127
-97.7285710664,19.2546746011,21,128
-97.551890648,19.0470688661,21,130
-98.0304869878,18.7448041417,21,131
-98.355241087,18.6577225639,21,133
-98.5028223402,19.3466507026,21,134
-97.7698854179,18.0119192041,21,135
-98.3064453014,19.1726637544,21,136
-97.4975323961,19.2231125888,21,137
-98.5669312397,19.07942556,21,138
-98.1389354022,18.1419351617,21,139
-98.3431306076,19.0729636633,21,140
-98.0440369454,18.0406693655,21,141
-97.6139170743,19.1539454835,21,142
-98.561338303,19.2445861761,21,143
-96.828802537,18.3795832526,21,145
-98.0791384866,18.6159004494,21,146
-98.049271815,18.4032971712,21,147
-98.3853185068,18.9748326221,21,148
-97.4248659657,18.5554577565,21,149
-98.1569649297,18.7571761993,21,150
-97.8652207847,18.8875160609,21,151
-97.7460925744,19.1206600249,21,152
-97.445083765,18.4612876513,21,156
-98.3039512077,18.353190174,21,157
-97.4016047893,20.1892034031,21,158
-98.2505978468,18.7294644789,21,159
-98.8387404391,18.4504583734,21,160
-97.7843277588,20.0084575565,21,162
-98.63294046,18.7397547022,21,165
-98.431274778,18.721772513,21,166
-97.8530431345,19.9494904101,21,167
-98.6540005421,18.6463173103,21,168
-97.937339113,18.4967486252,21,169
-97.4632750042,19.4796080661,21,170
-97.8666794649,18.8063121565,21,171
-97.7857337198,19.8182110584,21,172
-97.4493633942,19.854370958,21,173
-97.3585755123,19.8638057889,21,174
-98.479145594,19.0001856521,21,175
-98.5419909394,18.6143019891,21,176
-97.9961980226,20.3777428601,21,178
-97.3521202182,19.1336119384,21,179
-98.5853217316,19.3622829907,21,180
-98.3428421099,19.1564969196,21,181
-97.8853207766,18.8570101288,21,182
-97.9098092234,20.1673093282,21,183
-97.8382792293,20.1298241476,21,184
-98.5361971251,18.6899645989,21,185
-97.4993478838,19.84214085,21,186
-98.0488721317,20.399827073,21,187
-98.6122057814,18.9224674911,21,188
-97.8480466544,18.291539576,21,190
-98.3975593407,17.9750778597,21,191
-97.5305824958,20.1038155133,21,192
-98.0417354338,18.81619637,21,193
-97.182064605,18.5303490929,21,195
-97.946515007,18.27825046,21,196
-97.9026265803,20.3266179491,21,197
-98.6005810065,18.095633677,21,198
-97.6467833818,19.8479518995,21,200
-98.3369627777,18.65810028,21,201
-97.6536131179,19.9388859737,21,202
-97.7779311626,18.6958058236,21,203
-97.4424768597,19.9196200604,21,204
-98.0524829426,18.5800841895,21,206
-97.5812726845,19.8543697311,21,207
-97.9990114923,19.964919889,21,208
-97.5218992769,18.2774172878,21,209
-97.6926090108,20.0041504234,21,210
-97.5685721746,19.7472610715,21,211
-97.6826874586,19.7142980345,21,212
-97.7982952253,20.2990971009,21,213
-97.7605238567,19.9765405151,21,215
-97.3599199299,19.722535768,21,199
-97.678251189,18.7675497441,21,205
-97.6288709018,18.6557095928,21,177
-97.8761638205,19.0119289434,21,164
-97.7723332902,18.9265171074,21,144
-97.8768261736,20.5549070221,21,111
-98.4470103381,18.5019158843,21,85
-98.6259094882,18.5103671933,21,51
-97.9090744878,18.806013706,21,20
-97.7649832425,19.0261109405,21,4
-97.3003685755,18.3563442171,21,13
-97.1172331672,18.2455935916,21,35
-97.8131618664,20.7105350317,21,64
-98.447116726,19.0612016357,21,102
-97.6344705872,18.9481578092,21,115
-97.7312203007,18.8593026871,21,154
-97.6872440598,20.5083508367,21,194
-98.6006196716,18.2764958929,21,47
-97.9398264202,19.1033013097,21,1
-98.0531078424,19.0472762515,21,15
-97.6675124406,19.020718582,21,65
-98.3191355497,18.931667167,21,106
-97.2900666339,18.2288706245,21,129
-97.5430156213,18.5538962591,21,161
-97.2224726002,18.3274377941,21,214
-97.1256111041,18.4215665747,21,10
-98.2917454608,19.135234745,21,34
-98.4411403052,19.1321652807,21,60
-98.3454607245,19.1193264997,21,90
-98.1755351761,19.0086201304,21,114
-97.9682281929,18.8870045272,21,153
-97.8211999974,18.828451017,21,189
-98.0036011925,19.1452237234,21,163
-97.8596323144,18.7669293093,21,79
-98.1064025969,18.1589329377,21,3
-98.4522921948,18.8990699142,21,19
-97.5355765725,18.8350059996,21,110
-96.9786685968,18.3771121195,21,217
-98.4285129888,19.2689564211,21,132
-98.5133429731,19.1956022618,21,48
-99.6356043308,21.4092385934,22,3
-99.3315905112,21.3745727706,22,9
-99.1918253837,21.2576856776,22,10
-99.5926880119,21.1417418475,22,2
-99.6570260555,20.7913847308,22,4
-99.5207612029,20.9826653005,22,15
-99.8299500931,21.0976684673,22,13
-99.9344400342,20.9179618271,22,18
-100.1005707009,20.7582671593,22,5
-99.8666885949,20.6492826174,22,7
-100.2786175136,20.7202282865,22,11
-100.4527102937,20.7288053756,22,14
-99.9525639873,20.5511729839,22,17
-100.0003800105,20.3689115353,22,16
-100.3142128738,20.4038437616,22,8
-100.1724273549,20.4719578179,22,12
-100.4410748895,20.4854420733,22,6
-100.0986326812,20.174910469,22,1
-86.9978906702,21.3706242457,23,3
-87.399032577,21.0583506003,23,7
-86.9088899242,20.4448299061,23,1
-87.6656855694,20.3039276447,23,9
-87.3977986803,20.5869585769,23,8
-87.0469371559,21.0123592387,23,5
-88.0589242882,19.6678280111,23,2
-88.4669666999,18.5086157446,23,4
-88.5312641673,18.9756014643,23,10
-88.8175717244,19.6407543251,23,6
-99.3659912145,22.4901041077,24,58
-98.837354725,21.3293326204,24,57
-100.804387519,22.6599309663,24,56
-100.6767204663,22.0081735158,24,55
-99.0254054171,21.3858869678,24,54
-98.8692130654,21.426180365,24,53
-100.1973453753,22.2892323036,24,52
-100.6734083003,22.6407635679,24,51
-100.9815356577,21.851761877,24,50
-101.916313049,22.932417502,24,49
-100.7568708306,23.6649199485,24,48
-100.7175693411,23.2126793573,24,47
-101.2731529038,21.9686191569,24,46
-101.0951226231,22.9251354084,24,45
-100.9140585316,24.1105226798,24,44
-100.4974203795,21.6642374995,24,43
-98.6647238969,21.6072885638,24,42
-98.8261018598,21.7227929277,24,41
-98.7353295074,22.0936196018,24,40
-98.7706597427,21.5545793316,24,39
-98.7457417497,21.4176516579,24,38
-98.7847199704,21.2413069441,24,37
-99.3560977371,21.9331501663,24,36
-100.8551316998,22.2716259137,24,35
-98.5978545297,21.7997937298,24,34
-101.6811117694,23.349619594,24,33
-100.5542327433,21.7679767055,24,32
-99.4060260881,21.5885535854,24,31
-100.4577690232,22.1695119778,24,30
-98.6195035739,21.399786652,24,29
-100.960888439,22.2704790114,24,28
-99.8955838036,21.5761452696,24,27
-98.8415351719,21.6292096901,24,26
-101.629141802,22.7981162774,24,25
-100.0345194394,21.961928176,24,24
-99.6168088376,21.8240954215,24,23
-101.1710738345,22.7333504562,24,22
-101.1566926395,22.2590433,24,21
-100.5872686849,23.5133626677,24,20
-99.6094967768,21.6149334129,24,19
-98.9831842228,21.5260065146,24,18
-100.3037136717,22.8665294298,24,17
-98.5142175499,22.2042265032,24,16
-101.1213773275,23.2191378414,24,15
-98.9058267621,21.5149895924,24,14
-99.0631608138,22.1073925576,24,13
-98.9597028303,21.6316612912,24,12
-100.2115952616,22.0158135379,24,11
-99.717531795,22.4391450605,24,10
-100.7777637591,22.1924758595,24,9
-100.2773366234,22.4447837607,24,8
-100.6737463599,23.9303543265,24,7
-101.056515115,23.6454980214,24,6
-99.6759928835,21.9905238399,24,5
-100.6378286413,22.2696061813,24,4
-99.1119594924,21.7236239862,24,3
-99.6195045251,22.0999259022,24,2
-101.2533110496,22.4505329532,24,1
-108.1414630022,25.1460968859,25,2
-109.1331985022,25.8956480146,25,1
-107.395964731,25.5908547125,25,3
-105.9917877804,23.4141686568,25,4
-106.7994351315,24.4814837582,25,5
-108.2770416816,26.6803064123,25,7
-106.8421376481,24.0433902522,25,8
-105.6857610471,22.7240947297,25,9
-108.6789971304,26.2553211274,25,10
-108.5581918671,25.5345967002,25,11
-107.7795865154,25.359920942,25,13
-105.8052048397,23.0562348863,25,14
-108.0760495185,25.4184550391,25,15
-106.3701764088,23.9544947553,25,16
-107.7645976179,24.723252316,25,18
-107.2666538569,24.6514902972,25,6
-108.1103203932,25.968789794,25,17
-106.3059626112,23.4684161591,25,12
-109.6885338453,27.0151370971,26,26
-109.4027334014,27.0781014602,26,42
-110.1591240541,27.7438850913,26,12
-109.4063802723,26.650672226,26,33
-109.3814120704,29.9755087787,26,32
-113.2931191184,31.5294287555,26,48
-112.5394862233,30.8249523355,26,17
-110.5449795725,29.7535320009,26,50
-109.3648735014,27.5789860214,26,49
-112.0940300451,29.9517671969,26,47
-111.6553461977,30.7616002226,26,46
-110.8204791488,30.0292305864,26,45
-109.4921082595,28.457298294,26,44
-111.0024433198,31.1988340342,26,43
-109.4799157537,30.4867404387,26,41
-108.8520098624,29.6352740007,26,40
-109.9572084857,31.2294985764,26,39
-109.7237913775,29.7285562328,26,38
-110.2096437797,28.9600716171,26,37
-111.0214410058,30.7313828971,26,36
-110.7457821892,30.847341026,26,35
-110.2451734757,29.9303102529,26,34
-108.9153445455,30.1231364768,26,31
-109.9705855451,29.0868069857,26,68
-109.3123849663,29.7611388803,26,28
-109.6479104038,30.8485177244,26,27
-110.6687273936,28.0084941766,26,25
-109.3768107394,29.6154076446,26,24
-109.809945622,30.067403311,26,23
-110.630579588,30.4115376625,26,22
-110.3826952616,28.724311968,26,21
-111.0722844526,29.7195836225,26,20
-110.235320045,30.9884602213,26,19
-109.8867710678,27.792819767,26,18
-111.2114093404,30.1702240898,26,16
-109.0064864167,30.6178209199,26,15
-110.1198071207,29.6246199799,26,14
-110.2732719367,30.0610102973,26,13
-109.9790907097,30.6697080505,26,11
-108.81975325,30.3103197124,26,10
-109.3856249353,28.8929962732,26,9
-109.0876886344,29.8453414249,26,8
-111.5449049899,30.8160156168,26,7
-110.1893112218,30.4108941633,26,6
-109.0504402491,28.8728127248,26,5
-111.9248742457,31.1758972408,26,4
-108.8769671374,27.0510585427,26,3
-109.1974435348,31.1044235103,26,2
-110.2223710311,29.7962173683,26,1
-110.3588383093,27.3597838574,26,72
-109.8514440616,27.1064017536,26,71
-112.9082882516,31.7199900751,26,70
-108.9652483124,28.4198345085,26,69
-109.3338342002,30.2341848015,26,67
-110.3291990271,29.3421687569,26,66
-111.4028292758,30.9213345495,26,65
-111.5815739876,30.3120626376,26,64
-109.5279342193,29.4722304691,26,63
-109.8865287829,28.3916275522,26,62
-109.61169084,28.7897748932,26,61
-111.454052599,31.2817623776,26,60
-110.5488187112,31.1920306196,26,59
-111.05898578,30.4516396963,26,58
-109.6711448481,29.265797654,26,57
-110.7986401402,29.46301686,26,56
-109.7586963518,28.6095348267,26,54
-110.3293619761,29.8764327315,26,53
-108.9941006938,29.0100036134,26,52
-109.3184289416,28.0326057663,26,51
-114.3512528426,32.0170355122,26,55
-110.625948287,28.14256312,26,29
-111.4735112099,29.0236738835,26,30
-92.9486233555,18.1878649928,27,13
-93.699819136,17.8263905305,27,8
-91.6757826038,17.70512366,27,7
-92.1434213429,18.0790750561,27,11
-93.200584495,18.3811814479,27,14
-93.646752346,18.1701662232,27,2
-93.2206692329,18.0765777424,27,6
-93.083876497,18.2133053586,27,10
-91.2935589296,17.4263763235,27,17
-92.9523753735,17.6233066483,27,16
-92.7870337625,17.76359427,27,9
-92.5862394581,18.3614231147,27,3
-91.3117336437,17.8048495189,27,1
-92.7326034632,17.5282321046,27,15
-92.4586002239,17.8450397229,27,12
-93.3366976535,18.2869289553,27,5
-92.8602107019,18.0091035551,27,4
-97.9012620946,22.2786161618,28,38
-98.0824544114,22.5419950597,28,3
-97.8283958832,22.2795192094,28,9
-99.25686652,26.4151025376,28,24
-99.4826521961,26.904052722,28,14
-99.0673628461,26.2386240507,28,25
-98.859073602,26.1836495678,28,7
-98.6412349481,26.1363693032,28,15
-98.3733606758,25.8102362204,28,32
-98.4400378683,25.2237599339,28,23
-98.8464574764,24.9285786568,28,5
-98.97581755,24.4758485896,28,34
-99.5644279629,24.5879299751,28,20
-99.36003268,24.5605905499,28,42
-99.3805184012,24.1955385798,28,16
-99.0867070783,23.8854769061,28,13
-99.4126585094,23.4784257791,28,17
-99.7739142621,23.6191212624,28,26
-99.8726788867,23.3267975058,28,6
-99.77626215,22.9398934098,28,39
-99.3358552103,22.8297991698,28,29
-99.2040415341,22.50753638,28,28
-99.0797760405,22.5623071431,28,4
-98.8331920459,22.5718483715,28,21
-98.5544868829,22.7864291544,28,12
-99.6737990196,27.4758098531,28,27
-99.1666509627,23.6970194801,28,41
-98.6164233165,23.5394110261,28,8
-98.8573688727,23.2720241504,28,19
-98.2682915087,24.1339885265,28,1
-98.0357675803,23.0022955411,28,2
-98.4401265712,24.628571497,28,10
-98.5202739702,24.2622814529,28,18
-98.037347133,23.7834298986,28,37
-97.8447965109,25.700681835,28,40
-98.7696694142,24.6319557455,28,36
-99.5652933349,23.2717759212,28,31
-97.9582706636,24.8911970364,28,35
-98.9315156751,23.005709787,28,43
-99.1785155295,23.0066977601,28,11
-98.8461214415,24.0226074325,28,30
-97.5329102306,25.6123629362,28,22
-98.0378467585,25.7444091592,28,33
-98.1946831041,19.3514917511,29,2
-98.1829333381,19.5450586238,29,3
-97.7930165308,19.4117407573,29,4
-98.1270893135,19.4235206155,29,5
-98.5893647703,19.5609626857,29,6
-97.6743246993,19.3357064966,29,7
-97.764570374,19.331276157,29,8
-98.0916280466,19.3499888737,29,9
-98.1311056639,19.2897599388,29,10
-98.233481949,19.5060903756,29,11
-98.4368507671,19.4444584317,29,12
-97.9364338094,19.3324436115,29,13
-98.3422660808,19.4882055074,29,14
-98.383302586,19.3561128528,29,15
-97.9113545198,19.2575846204,29,16
-98.1643248237,19.1917481013,29,17
-98.1333891078,19.3199597646,29,18
-98.379221523,19.2819583861,29,19
-98.5540281211,19.4998259018,29,21
-98.1705152526,19.2168733496,29,22
-98.3319621659,19.2333147007,29,23
-98.2841533818,19.352117689,29,24
-98.1403641042,19.1561174104,29,25
-98.1305674023,19.3529421044,29,26
-98.1902971453,19.1507439797,29,27
-98.1162956568,19.2228497445,29,28
-98.2284476041,19.2470717284,29,29
-97.9344683421,19.4839939869,29,30
-98.076352911,19.4822441631,29,31
-98.2874436683,19.2338922268,29,32
-98.2366939253,19.3093473364,29,33
-98.1770165219,19.6201297112,29,34
-98.016146326,19.3888421915,29,35
-98.2485596639,19.3361358359,29,36
-97.926738994,19.211682099,29,37
-98.0852274677,19.3807187001,29,38
-98.0291535877,19.4161713213,29,39
-98.239564747,19.4302029583,29,40
-98.1972278231,19.172267126,29,41
-98.241337988,19.1711866813,29,42
-98.1777470839,19.4017115167,29,43
-98.2603838157,19.1938480105,29,44
-98.4091364255,19.5951308318,29,45
-97.925967306,19.5637766496,29,46
-97.9907844842,19.5332905346,29,47
-98.191408465,19.2780573527,29,48
-98.2985025711,19.2861813451,29,49
-98.0840438182,19.2571111925,29,50
-98.2641429584,19.248148061,29,51
-98.049314568,19.3236137635,29,52
-98.2540560372,19.2347073094,29,53
-98.2610482691,19.2172209818,29,54
-98.255559325,19.4912514834,29,55
-98.3332224867,19.2970110305,29,56
-98.3134477359,19.2459257494,29,57
-98.2164146896,19.1934224726,29,58
-98.2045918451,19.2112352649,29,59
-98.2065792205,19.2624637742,29,60
-98.4525417442,19.5330560059,29,20
-98.182430666,19.3620188385,29,1
-97.044232658,19.564713887,30,1
-96.8401764139,19.6917055925,30,2
-95.0326113594,18.0366793009,30,3
-96.5286178961,19.546242872,30,4
-95.8039726276,18.5540605849,30,5
-97.2764230713,18.7161467234,30,6
-96.5690200911,19.010881063,30,7
-97.1356782385,19.0977277122,30,8
-96.5828935035,19.7179856049,30,9
-97.1273309644,19.7762746552,30,10
-95.8503361797,18.7999500468,30,11
-95.6897237891,18.4329575599,30,12
-97.6853871309,21.3131713269,30,13
-96.876173721,18.8597518805,30,14
-95.3923278471,18.6020205464,30,15
-96.3090231753,19.3100491786,30,16
-96.670040607,19.3382342556,30,17
-97.3242439054,18.7888902314,30,18
-97.1003409589,18.5617555934,30,19
-97.1079273782,18.679112362,30,20
-96.7965438019,18.9279294848,30,21
-97.0778946675,18.9443257213,30,22
-97.1157629869,19.9081268293,30,23
-96.8247950772,19.2884591642,30,24
-97.1831003442,19.4023956731,30,25
-96.9429402496,19.5867863839,30,26
-98.178633494,20.8192422162,30,27
-96.1210055425,19.1174053184,30,28
-97.178265111,19.113272191,30,29
-97.1633954043,18.7904298235,30,30
-96.581923233,18.816621908,30,31
-95.0257580483,18.4347380954,30,32
-97.2854825513,20.7144496891,30,33
-97.7692309741,21.1873715373,30,34
-97.8887556861,21.3427738644,30,35
-96.949797255,19.676206217,30,36
-97.7057995289,20.2691189192,30,37
-96.9305461877,19.4475469007,30,38
-94.3973676313,18.1325584828,30,39
-97.5374124748,20.42745527,30,40
-96.9215200125,18.7754127334,30,41
-96.7051802353,19.9335179782,30,42
-96.6855421612,19.1391691108,30,43
-96.9384574397,18.9323678268,30,44
-95.9727864145,18.3018931919,30,45
-96.9671397096,19.331448863,30,46
-97.0894664436,19.0533228613,30,47
-94.5680803011,18.016242609,30,48
-96.3661913934,18.8626886892,30,49
-97.5502985528,20.2146301995,30,50
-97.6656839066,20.3384217909,30,51
-96.8209139188,18.7675579911,30,52
-96.6595208573,18.7763025545,30,53
-95.8071371857,18.2134224793,30,54
-98.3370208552,21.1965847885,30,55
-98.4671825125,21.2538017235,30,56
-96.7745928562,19.7544024391,30,57
-98.0406224628,21.0032525241,30,58
-94.7011804181,18.0598323529,30,59
-97.6689842981,21.3764538226,30,60
-93.9572357785,17.5358358032,30,61
-97.0395258632,19.0006069998,30,62
-97.9783437423,21.3862189749,30,63
-97.5850680046,20.2228083696,30,64
-96.7314215894,19.4399976342,30,65
-97.4968223686,20.2759346847,30,66
-97.6990797409,20.2052816172,30,67
-96.990070922,18.9021548687,30,68
-97.1095909169,20.4463739508,30,69
-94.6212839605,17.5537715789,30,70
-96.9397745128,19.1368021542,30,71
-98.467600211,20.5177116038,30,72
-95.1548230624,18.197111744,30,73
-97.1331020083,18.8173072145,30,74
-95.9635051611,18.6654587718,30,75
-98.4264799166,20.7812849653,30,76
-95.5583975733,18.0821480296,30,77
-98.0209976102,21.238595028,30,78
-97.0922690096,19.3655680738,30,79
-96.930832439,19.0374008465,30,80
-97.1665867618,18.8898866165,30,81
-94.3951285118,17.9860762705,30,82
-98.0099805445,20.7230533788,30,83
-95.8869076268,18.4738952873,30,84
-97.0290132199,18.8505659338,30,85
-97.2918921837,19.7647178217,30,86
-96.8883335267,19.5438576282,30,87
-96.7557983297,19.3395282501,30,88
-94.7150746679,17.870415687,30,89
-96.2532305503,18.9996840329,30,90
-94.9044162326,17.4184494707,30,91
-97.058336034,19.4478172005,30,92
-96.9164818023,19.6111874977,30,93
-95.3658516482,17.9815373827,30,94
-96.6616389497,19.8189448808,30,95
-96.8538387266,19.7440237096,30,96
-95.50058695,18.6565873267,30,97
-97.0461850847,18.7672072314,30,98
-97.2656639064,18.83652575,30,99
-96.3394501892,19.1048651726,30,100
-97.1838514028,18.9329729434,30,101
-97.0510327364,20.1335481604,30,102
-97.6526150068,20.2080085728,30,103
-94.8160426784,18.2891947463,30,104
-96.1619109019,18.9882777451,30,105
-96.8814463451,19.7240352518,30,106
-97.1499033565,19.703865001,30,107
-94.3886966042,17.7113687358,30,108
-96.8854372217,19.9625863087,30,109
-96.9767731383,18.5916624668,30,110
-94.2857427606,17.9826748054,30,111
-96.840987476,19.6332772602,30,112
-96.957058567,18.794887715,30,113
-96.793251036,20.1070192831,30,114
-97.1989972075,18.8253559975,30,115
-94.8916532473,17.9032174012,30,116
-96.7032020692,18.7120331511,30,117
-97.1048078686,18.8558618935,30,118
-96.0342592863,18.1674643444,30,119
-94.6736242827,17.9887964708,30,120
-97.8476089988,21.721258679,30,121
-94.6779059851,18.203421709,30,122
-98.2563758875,22.1139862904,30,123
-97.2863270928,20.4109001405,30,124
-96.6630127361,18.9426961019,30,125
-96.4500491596,19.246367129,30,126
-97.1923489333,18.9897041117,30,127
-97.2788959441,19.5284374941,30,128
-98.3757229561,21.2947830184,30,129
-95.6451665385,17.7670025048,30,130
-97.4384718786,20.5300488825,30,131
-97.0947818641,19.6222838211,30,132
-97.924809938,22.1580635546,30,133
-96.5656718552,19.3013269929,30,134
-97.0956003753,18.8029298149,30,135
-96.9848261381,19.5995905666,30,136
-97.0434385216,18.6739793303,30,137
-97.150919899,18.8444983095,30,138
-95.5213723976,18.5619724799,30,139
-97.0930210562,18.7722601178,30,140
-95.2222215242,18.4671778067,30,141
-95.1620237721,17.7659768174,30,142
-95.3998345737,18.3993189683,30,143
-94.9458987428,17.7247045772,30,144
-94.8346460453,18.0024892162,30,145
-96.9223154607,19.1732074126,30,146
-97.1862447438,18.706895953,30,147
-96.4531770626,19.0489153598,30,148
-94.9007955718,18.2369753852,30,149
-97.6377295324,21.515283186,30,150
-97.4964692355,21.3239870434,30,151
-97.7784193624,21.9361793196,30,152
-97.7789427439,21.2629677267,30,153
-97.7559510701,21.4269564171,30,154
-98.1712633152,21.3889700948,30,155
-97.0841880987,19.7115667528,30,156
-97.6690858504,20.7319431451,30,157
-97.0252831746,20.3855767838,30,158
-97.0524219612,18.5298745529,30,159
-97.710211297,20.9711476551,30,160
-98.3816091308,21.5688504545,30,161
-96.8409922801,19.2602965039,30,162
-96.9392102408,19.8145130189,30,163
-96.9415681255,19.3738033639,30,164
-96.8532111501,19.0449774923,30,165
-96.7733043477,19.668613585,30,166
-97.8630555811,21.1486624578,30,167
-97.0443437545,18.7368024865,30,168
-95.7020879421,18.1141209705,30,169
-98.308786752,20.6242143227,30,170
-97.0320576836,18.618996706,30,171
-94.7970477694,17.7854880887,30,172
-96.7761125817,18.5797457833,30,173
-96.2864519455,18.549834299,30,174
-97.5302017733,20.6604022966,30,175
-95.9464875632,18.19605643,30,176
-97.0046780054,19.7018646217,30,177
-95.622983222,18.5336993537,30,178
-96.7812848077,19.1832867216,30,179
-98.1853426618,20.611554511,30,180
-96.169518553,18.7549834154,30,181
-96.9830359944,19.541111947,30,182
-97.1744310043,20.0235696862,30,183
-97.1048670516,18.6094081393,30,184
-97.0773322522,18.7943985791,30,185
-96.9968461334,19.0218551914,30,186
-96.9214057097,19.7235283398,30,187
-96.897062683,19.2261919548,30,188
-97.4117869666,20.9347945045,30,189
-95.8801434243,18.1879017812,30,190
-96.3877769205,19.4376221122,30,191
-96.634262172,19.9768435174,30,192
-96.2216682441,19.1858263438,30,193
-97.2029321103,19.6519492085,30,194
-97.163579518,18.6326749729,30,195
-96.7996396135,18.8264734977,30,196
-96.773415467,19.8481678582,30,197
-98.3440651373,20.4954432452,30,198
-94.6386752378,17.9504776825,30,199
-96.7338270827,19.0671675542,30,200
-96.9254850545,18.649260507,30,201
-98.303120362,20.7343265082,30,202
-97.5585739482,20.133936024,30,203
-94.1607618272,18.0848697449,30,204
-98.418920665,21.7492687391,30,205
-94.3913609879,18.0627733993,30,206
-96.1684957116,18.3027668397,30,207
-95.7189517363,18.3270317044,30,208
-94.7873658907,18.3683268395,30,209
-94.3558589868,17.2768731084,30,210
-96.9152171242,20.2172886168,30,211
-95.6649426188,17.6251007199,30,212
-88.1815511681,20.437091073,31,21
-89.8487281086,20.7299999253,31,23
-88.9880288916,20.6074561686,31,69
-89.198655684,21.2704002505,31,68
-89.3708556795,20.8410026706,31,67
-89.7264765699,20.2683000062,31,66
-88.3145486005,21.4939051513,31,65
-89.2101865325,20.7641165191,31,64
-89.9177536826,20.8407540963,31,63
-88.0844971898,21.5472251988,31,61
-88.6358346686,20.8426938822,31,60
-88.8279173656,20.0774867985,31,58
-88.308801516,21.3537791291,31,57
-89.8467114816,20.5512764959,31,55
-89.3238026142,21.0510432951,31,54
-89.738253462,20.45329423,31,53
-89.4541955188,21.1324290168,31,51
-89.1859072697,20.4911606794,31,49
-90.069725894,20.6219422621,31,48
-89.8989635566,20.6415538317,31,45
-90.0508828017,20.851765786,31,44
-88.4375111754,20.5996285819,31,43
-88.9835386214,20.7598246556,31,42
-88.9868051458,20.9156781962,31,40
-89.4734908761,21.2377103593,31,39
-89.9830479004,21.0724029406,31,38
-89.1315079099,20.6958066365,31,37
-89.1592236134,20.8760183743,31,35
-89.2455389686,20.8075315731,31,34
-88.3570777535,21.0212050349,31,32
-88.8397910519,21.0842177947,31,31
-88.533600707,20.8354707877,31,30
-88.7353693442,21.3317803175,31,29
-89.0250569534,21.2913615101,31,27
-89.3424904613,21.255925668,31,26
-89.444653823,20.4021571575,31,25
-89.2807337957,20.4714701056,31,24
-88.5265940051,20.2738623781,31,22
-89.5267442687,21.1507310315,31,20
-87.8244874491,20.7602502365,31,19
-89.4860837823,20.4985426018,31,18
-88.5692830052,20.4965598559,31,17
-89.0182802848,20.1937144769,31,16
-89.1203939856,21.2881885876,31,106
-89.443819644,21.0572602499,31,105
-88.769714047,20.4806436263,31,104
-89.1238255513,20.8052011808,31,103
-88.1083936287,20.6383732317,31,102
-89.7798866382,21.0629572635,31,100
-88.3623576623,20.7800632493,31,99
-89.0467850468,19.9380350177,31,98
-88.7468081762,20.8862321442,31,97
-87.8478749605,21.2571961168,31,96
-89.4645442345,20.9634712284,31,95
-89.0869485017,20.2468234552,31,94
-89.3760363102,20.978743202,31,93
-88.3231528903,20.3916737365,31,92
-88.5083966856,20.7266262993,31,91
-89.5356407104,20.7661174168,31,90
-89.5612908286,20.3603880637,31,89
-89.0661020188,21.0656433426,31,88
-90.0580941737,20.9561960924,31,87
-89.002475496,21.0680257429,31,86
-88.0644649004,20.8985908432,31,85
-88.873535387,21.1670341396,31,84
-89.2557062971,21.2174839268,31,82
-88.3958135192,20.493033113,31,81
-89.3007461222,19.9322286617,31,79
-89.1019273114,21.0061603937,31,78
-88.8482898456,21.021934443,31,77
-89.4573398737,20.6616930581,31,76
-89.2214735842,20.3773132581,31,75
-89.2856292647,20.8946797152,31,74
-88.9046864007,20.247777264,31,73
-89.1512501536,21.1041932471,31,72
-88.8892138011,20.8048383104,31,71
-88.3718360947,21.20965766,31,70
-88.3480569591,20.6240193009,31,14
-89.5137702445,21.0821139251,31,13
-88.5807818341,21.0307102107,31,12
-89.0493487026,20.4253304097,31,10
-89.0732027765,21.1657396326,31,9
-88.1244516748,21.0141203008,31,8
-89.2512884008,20.9802562132,31,7
-88.649623802,21.2217671897,31,6
-89.1756389437,21.0005123278,31,5
-89.3994063666,21.1344561641,31,4
-89.3483790493,20.2620624419,31,3
-89.4474438798,20.8244859369,31,2
-89.6503835413,20.6551959553,31,1
-90.2168167641,20.5653414356,31,33
-89.2780158259,21.1438265093,31,52
-89.5369254923,20.9185523651,31,41
-89.6395269865,20.9840717326,31,50
-89.765431029,20.852473424,31,101
-89.3452787614,20.7191487218,31,15
-89.2520664979,20.6810408299,31,36
-89.6190156746,20.5287717857,31,62
-89.5225378542,20.1471666377,31,56
-89.3689872595,20.3839665094,31,47
-89.2774297835,21.3129765764,31,83
-88.6683759235,21.4336133383,31,28
-89.6740161191,21.7921822587,31,59
-90.2996213391,20.8894514885,31,11
-89.3833518798,20.5026124244,31,46
-89.2729849337,20.5707908161,31,80
-102.1763669104,23.6048357624,32,51
-103.4883779176,24.1173741784,32,29
-102.6780785801,22.7357345711,32,56
-102.4826420529,22.8480523452,32,50
-103.3031817468,24.2942661065,32,22
-102.4076266925,22.7802030552,32,17
-103.7528186176,22.7789957845,32,49
-103.9533271023,23.175208802,32,21
-103.9103909688,23.4180705374,32,9
-103.343900043,21.5225441266,32,58
-103.2271853055,21.7847906775,32,48
-103.4532459103,21.3637146183,32,47
-103.3567261001,21.6244626774,32,45
-102.9331123458,21.9343427616,32,44
-102.8595105365,21.4174036233,32,34
-103.1643096591,21.1986302384,32,33
-103.2480938999,21.9390329633,32,30
-103.3337551735,21.194549547,32,28
-103.1240839596,21.3767066859,32,23
-102.9982926036,21.6236816325,32,19
-102.927864745,21.7720828117,32,18
-103.050090539,21.9990542217,32,15
-103.5031997407,21.2169227475,32,11
-103.5817988531,21.495632497,32,4
-103.4465837738,21.7865137058,32,3
-102.6918762184,21.46699466,32,2
-103.0738143928,21.4723492187,32,1
-102.3120030853,22.7556289254,32,57
-102.8515082702,22.2982652459,32,55
-101.7143185214,22.4073584316,32,54
-101.9537328894,22.5518659455,32,53
-101.8923552833,22.129661062,32,52
-103.1368409072,22.444111072,32,46
-103.1939798863,22.6312979356,32,43
-103.6147796335,23.6401611405,32,42
-103.2399340271,23.5631982419,32,40
-103.0318616106,23.782961028,32,39
-101.52879832,22.2690161138,32,38
-102.4757078459,22.9913237061,32,37
-102.2164423248,22.5683752165,32,36
-101.9155517234,22.3966992066,32,35
-102.6728816467,22.852462685,32,32
-103.4618774919,22.3750561982,32,31
-101.9227957362,24.3519240011,32,26
-102.2255576048,22.4342989635,32,25
-101.9588051583,22.2845823407,32,24
-102.9919733078,22.7254829139,32,20
-102.1199840123,22.6901567193,32,16
-102.7878491548,23.0155029908,32,13
-102.5591861406,22.4779498283,32,12
-102.9959382873,23.2368267654,32,10
-102.3901939711,22.4487283129,32,8
-102.7326149883,23.5773278738,32,6
-102.7468214579,22.9568951706,32,5
-100.9047093329,24.4496576059,32,41
-101.2412782291,24.453231152,32,7
-101.9999468734,24.9153622159,32,27
-102.8116043183,24.1374517025,32,14
-99.2062207959,19.198339678,9,12
-99.0903636053,19.2451450445,9,13
-99.2684129063,19.2689765027,9,8
-99.1611346588,19.3806424158,9,14
-99.1490557562,19.4313734291,9,15
-99.2468197134,19.3361755605,9,10
-99.3107285224,19.3246343041,9,4
-99.1503763516,19.3266672536,9,3
-99.0028216127,19.2769983763,9,11
-99.0510954204,19.1394565995,9,9
